idx,title,loss,scale_loss
1,학사재생,7812,0.0
2,환율이 바뀌었나요?,37691,0.05699130033398629
3,무지개다리 파수꾼,29485,0.041339149641503564
4,서천화원,37410,0.05645532003364659
5,승리호,49976,0.08042374869581305
6,봄날의 팔광,25878,0.03445914628447393
7,뱀파이어님의 대리식사,51749,0.08380557457660416
8,현세이의 보이는 라디오,35644,0.05308684597528386
9,강호표사,23858,0.030606191812281004
10,사귄 건 아닌데,30169,0.0426438134330778
11,하나밖에 안 보여!,16200,0.015999298075620907
12,쓰레기 머학생,117816,0.20982198205896546
13,흑우,24517,0.03186317052375384
14,타원을 그리는 법,21959,0.026984033127778848
15,교수님을 빚는 중,19404,0.022110617941416014
16,조류공포증,41911,0.0650405418551022
17,이대로 멈출 순 없다,29660,0.041672945202213346
18,그라티아,42645,0.06644057580687923
19,집행자여,24809,0.032420132259338166
20,일단 질러! 질렐루야,57409,0.09460147671156056
21,유부녀의 탄생,38486,0.05850768588121073
22,골드핸즈,23060,0.029084084055444395
23,개목걸이,57388,0.0945614212442754
24,신랑이 사라졌다,20055,0.02335233742725641
25,악마의 편집,26105,0.03489212681179461
26,대선비쇼에 어서오세요!,18384,0.020165066673278997
27,사랑하는 존재,28891,0.04020615213829436
28,비밀 사이,26074,0.03483299731246888
29,아싸클럽,51460,0.08325433505063201
30,너를 만나다,29239,0.04086992845330581
31,뱀파이어 신드롬,80275,0.13821615837550283
32,화폐개혁,21566,0.026234423668584875
33,닥터 파인의 하루,21986,0.027035533014288356
34,해오와 사라,18627,0.020628565651864578
35,"신성한, 이혼",21998,0.027058421852737026
36,멸종인간,30311,0.04291466468805374
37,우리집이거든요!,30217,0.04273536878687249
38,학교대표,34300,0.05052329606903273
39,미래의 너에게,34128,0.05019522271793511
40,아비무쌍,25324,0.033402444909426954
41,지옥사원,24393,0.03162665252645091
42,왕 그리고 황제,117307,0.208851113828101
43,나빌레라,24002,0.030880857873665055
44,방구석 여포,21977,0.027018366385451853
45,사랑하는 가족에게,22348,0.02772601297415659
46,수린당 -비늘 고치는 집-,26422,0.035496773627480334
47,미드나잇 블루,27939,0.03839030428803314
48,악녀의 탄생,30746,0.043744385081818056
49,두번째 썸,32672,0.04741804365282972
50,저승사자 온라인,24417,0.03167243020334825
51,CELL,28160,0.03881184039612949
52,아버지의 복수는 끝이 없어라,36822,0.05533376694966172
53,노력의 卍(만),27733,0.037997379227997626
54,죽어도! 치우,32117,0.0463594348745787
55,금수친구들,39196,0.059861942156090434
56,설공찬전,34170,0.05027533365250546
57,말하지 말까,29015,0.04044267013559729
58,하나하나둘,24635,0.03208824410183244
59,콜로세움,46628,0.07403776276863389
60,키스해주세요,18201,0.01981601188693677
61,쌍갑포차,177119,0.3229367142690926
62,블랙 베히모스,59795,0.09915254075643795
63,쑥,29365,0.041110261257016854
64,나를 지켜줘,26217,0.035105755970648876
65,백로식당,57609,0.09498295735237175
66,함께 춤을,22865,0.028712140430653496
67,백의사자,15408,0.01448863473800863
68,시간이 머문 집,24059,0.03098957985629624
69,마이셀프,68286,0.11534830136207662
70,록산,50954,0.08228918902937972
71,논현동 장사꾼,21478,0.02606657218662796
72,중고거래,69125,0.11694861265027952
73,고교호구왕,23535,0.02999010057737095
74,스타의 학교생활,81687,0.14090941169962978
75,신의 태궁,24646,0.032109225537077055
76,재벌과의 인터뷰,32183,0.046485323486046386
77,이담,28218,0.03892246978196474
78,샬롯에게는 다섯 명의 제자가 있다,36817,0.05532422993364143
79,저기요 손님,21208,0.025551573321532864
80,블랙윈터,32195,0.046508212324495056
81,경이로운 소문,25094,0.0329637421724941
82,단짠남녀,23611,0.030135063220879194
83,프레너미,36978,0.05563132184949443
84,날씨의 요정,34457,0.05082275837206951
85,체벌교사,33402,0.04881044799179053
86,전생에 나라를 구한 자,38986,0.05946138748323869
87,지금은 연애를 쉽니다,82484,0.14242961205326232
88,우리가 헤어진 사이에,29191,0.04077837309951113
89,파륜아이,22126,0.027302569462856183
90,나비는 세 번 변태한다,30894,0.04402668075601833
91,불러줘 내 이름만,20584,0.02436135372220198
92,쓰레기 머학생,117816,0.20982198205896546
93,열무와 알타리,45481,0.07184997129358177
94,닭은 의외로 위대하다,65156,0.10937812933338165
95,인스타러브,31109,0.044436772444890346
96,너에게 투 혼(魂)!,19815,0.022894560658282992
97,키몽의 호구로운 생활,44266,0.06953247640065385
98,바리공주,45600,0.07207695227486442
99,소녀신선,56515,0.0928962582471346
100,정의는 죽지 않는다,24692,0.032196966084463624
101,구슬의 주인,18810,0.020977620438206813
102,허약선생,37039,0.055747673444941845
103,우리반 숙경이,22555,0.028120845437396166
104,후궁공략,47024,0.07479309443744003
105,유부녀 킬러,25652,0.03402807316035729
106,피치 (PITCH),29792,0.041924722425148726
107,흔한 환생녀의 사정,44152,0.06931503243539147
108,오늘은 꼭 고백할 거야!,23332,0.029602897726947602
109,어린 (물고기 비늘),31240,0.04468664226462167
110,너에게 가는 거리 2091km,22205,0.027453254315976595
111,이세계 전담반,22277,0.027590587346668624
112,너를 기다리는 날,22920,0.028817047606876568
113,순정 히포크라테스,31761,0.0456803993339348
114,악역의 구원자,23428,0.029786008434536965
115,풍검,19132,0.021591804269912813
116,주말 도미 시식회,21622,0.02634123824801201
117,반지하셋방,49152,0.078852048455671
118,멀리서 보면 푸른 봄,38526,0.05858398200937297
119,천연 天緣,17733,0.018923347187438606
120,크라우드,23410,0.02975167517686396
121,질투유발자들,35532,0.052873216816429605
122,퍼펙트 마인,37254,0.05615776513381386
123,내 친구는 선녀보살,37271,0.05619019098828282
124,형제가 사랑한 마녀,25856,0.0344171834139847
125,음란마귀지만 괜찮아!,40218,0.06181130823063556
126,남궁세가 소공자,14445,0.012651805452502798
127,나 홀로 버그로 꿀빠는 플레이어,34916,0.05169825644273117
128,씨방것들,26997,0.03659353046981248
129,내일도 출근!,26753,0.03612812408802284
130,대마법사의 딸,32044,0.046220194440682615
131,하렘생존기,40639,0.0626143249795431
132,바니와 오빠들,29411,0.041198001804403424
133,당신도 보정해 드릴까요?,23859,0.03060809921548506
134,하필 너야?!,29623,0.04160237128366328
135,요괴백정,38365,0.05827689009351997
136,슬프게도 이게 내 인생,100955,0.17766125663537885
137,취향저격 그녀,22523,0.028059808534866372
138,버닝 이펙트,172310,0.31376401226078776
139,그 남자의 하이힐,27983,0.0384742300290116
140,유성이 내리는 거리,41778,0.06478685722896277
141,유색의 멜랑꼴리,26629,0.03589160609071991
142,화목한 가족,26573,0.035784791511292775
143,보글보글챱챱,39847,0.06110366164193082
144,옆집남자,30172,0.042649535642689966
145,픽셀 오브 라이프,31251,0.044707623699866285
146,같은 방에서,36391,0.05451167616871362
147,특별직,37197,0.056049043151182684
148,용의주도 황비,39805,0.06102355070736047
149,내추럴 리드미칼 2,64695,0.10849881645631188
150,경성야상곡,22749,0.02849088165898301
151,괴물아기,35180,0.05220181088860193
152,심장에게 주다,30399,0.04308251617001066
153,냥냐라냥냥,20916,0.02499461158594854
154,구리의 구리구리 컴백,66581,0.1120961788991613
155,카페 보문,41163,0.06361380425846838
156,일생에 변태를 세 번 만날 확률,26005,0.03470138649138903
157,묘씨맥주점,55160,0.09031172690563885
158,백스테이지 키스신,28868,0.04016228186460107
159,바리왕자,24168,0.031197486805538334
160,여자만화 구두,31073,0.044368105929544335
161,너와 나의 거리,23953,0.030787395116666318
162,우리학교 김선생님,36113,0.05398141807798608
163,라즈베리 샌드위치,26503,0.035651273287008865
164,큐레이터,27004,0.03660688229224087
165,구경하는 들러리양,43949,0.06892782958496813
166,하테마테,51591,0.08350420487036334
167,"폐하, 옥체 보존하세요!",36511,0.054740564553200324
168,그림자정원,22702,0.028401233708392377
169,안녕은하세요,33195,0.04841561552855096
170,아무것도 하고 싶지 않아,25882,0.03446677589729015
171,오디세이,32090,0.04630793498806919
172,할매,34839,0.05155138639601886
173,나만 아는 사랑,32493,0.047076618479303715
174,오늘도 꽐랄라라,35042,0.05193858924644221
175,내 남편의 스토커,27573,0.03769219471534868
176,트레이스,47602,0.07589557348938435
177,조우,19405,0.02211252534462007
178,애신록,16828,0.017197147287768014
179,사내 맞선,22826,0.02863775170569531
180,크라이시스,25127,0.03302668647822794
181,닥터 퀸,35674,0.05314406807140554
182,진심이 닿다,23690,0.030285748073999613
183,레드스톰,35529,0.05286749460681743
184,겉과 속의 아지랑이,37450,0.05653161616180882
185,후크,46972,0.07469390947082913
186,혼돈검신,39570,0.06057531095440734
187,방탕일기,35875,0.05352745611542077
188,주간소년열애사,20305,0.023829188228270383
189,꽃같은 인생,24793,0.03238961380807327
190,2020 전남콘랩 웹툰 창작 아카데미,52124,0.08452085077812513
191,뮤지션,50355,0.08114665451015024
192,다리 위 차차,32506,0.04710141472095644
193,우리 집에 왜 왔니,28120,0.038735544267967256
194,복수는 우리의 것,28913,0.040248115008783586
195,우리가 사랑하는 방법,25706,0.03413107293337631
196,창백한 말,46410,0.07362194887014971
197,뱀파이어 셰프,25441,0.033625611084301496
198,퀴퀴한 일기,41696,0.06463045016623019
199,심봉사전,48724,0.07803567988433506
200,표류감옥,20386,0.023983687887798914
201,너의 돈이 보여,27079,0.03674993753254507
202,어름치,30056,0.04242827687101949
203,미래의 사진,27989,0.03848567444823593
204,뜨거운 웬수,28185,0.038859525476230894
205,작약만가 : 불환곡,51346,0.08303689108536964
206,주정,38401,0.05834555660886599
207,오무라이스 잼잼,61737,0.10285671777871451
208,세로토닌,44280,0.06955918004551064
209,어렴풋이,24300,0.031449264028473714
210,굿바이 악마,24741,0.03229042884146237
211,180cm 그녀를 사랑해!,17796,0.019043513589294125
212,망고의 뼈,41900,0.06501956041985758
213,천생연분,32694,0.04746000652331896
214,민트 러브,23982,0.030842709809583937
215,여의주,35233,0.05230290325841688
216,질풍의 노도,38679,0.05887581469959352
217,어둠이 걷힌 자리엔,40056,0.0615023089115785
218,왕자님이 있다,50174,0.08080141453021612
219,아만자,54256,0.08858743440917231
220,평범해지고 싶어,24563,0.03195091107114041
221,고양이 신부,35959,0.05368767798456148
222,내 일진이 이렇게 귀여울리가 없어,17594,0.018658218142074835
223,딩스뚱스,73535,0.12536026078016604
224,랑데부,50226,0.08090059949682703
225,요조신사 마초숙녀,37814,0.05722591092808517
226,그녀의 앵무새,39718,0.060857606628607605
227,찬란한 액션 유치원,28079,0.038657340736600966
228,이태원 클라쓰,27096,0.03678236338701402
229,빌린 몸,43465,0.06800464643420508
230,리프루터,58680,0.09702578618391562
231,인간을 먹는 성,24540,0.03190704079744713
232,저녁 같이 드실래요?,28710,0.03986091215836024
233,메모리스트,48185,0.07700758955734893
234,니브,29477,0.04132389041587112
235,취준진담,22050,0.02715760681934793
236,스위트 허니 트랩,30106,0.04252364703122228
237,독립만화 특별전,40733,0.06279362088072435
238,기인록,79402,0.13655099537836202
239,볍신을 부탁해,41235,0.06375113728916042
240,뿔뿔뿔뿔,31586,0.04534660377322501
241,글과 그림 사이,16267,0.016127094090292653
242,모기전쟁,22081,0.02721673631867367
243,까락,40978,0.06326093466571804
244,대나무숲에서 알립니다,25800,0.03431036883455756
245,아가씨가 너무해!,36494,0.05470813869873138
246,나는 엄마다,46863,0.07448600252158703
247,인생막장,17677,0.01881653260801147
248,드래곤 시터,33247,0.04851480049516187
249,도리도심,25954,0.03460410892798217
250,노동본색,32123,0.046370879293803034
251,달달한 지구,130694,0.23438552052079736
252,개같은 세상,32499,0.04708806289852805
253,겨울과 봄사이,27037,0.036669826597974714
254,리라이프 -Relife-,33117,0.048266838078634605
255,그녀와 썸남들,24844,0.03248689137148012
256,돈나무,31982,0.04610193544203115
257,The Tale (더 테일),55487,0.09093544775336512
258,명검,32412,0.04692211881977519
259,어바웃 제인,32704,0.047479080555359515
260,배고픈 자들의 도시,18549,0.02047978820194822
261,식귀,86774,0.15061237179866216
262,캔디맨,28848,0.040124133800519955
263,네버다이 : 변이자들,50708,0.08181996784118196
264,연목구애,22269,0.027575328121036177
265,드림사이드,66890,0.11268556648921459
266,그녀는 흡!혈귀,54407,0.08887545229298476
267,그다이,30567,0.04340295990829205
268,히어로즈 오브 레전드,19637,0.022555042887961042
269,뽀짜툰,26677,0.03598316144451459
270,헬로 마이 안드로이드,16478,0.01652955616634845
271,망자의 서,20614,0.024418575818323657
272,달리는 여자,35838,0.05345688219687071
273,울트라 비서,26784,0.036187253587348575
274,계약우정,17750,0.018955773041907556
275,하녀와 흡혈귀,34345,0.050609129213215254
276,노이정 로코특집,33907,0.04977368660983876
277,달달한 그녀,19340,0.02198854413635644
278,지켜라 여의주,30617,0.04349833006849484
279,호림무사,37334,0.056310357390138344
280,수의 계절,22677,0.02835354862829098
281,징벌소녀,22360,0.02774890181260526
282,스틸레인3 : 정상회담,23574,0.030064489302329127
283,연애소설 읽는 교수,28089,0.038676414768641525
284,헤븐즈 소울,26954,0.03651151213203808
285,우리사이느은,30929,0.044093439868160285
286,아싸가 알아버렸다,27068,0.036728956097300446
287,채널뽁스,23220,0.02938926856809334
288,유리의 벽,27337,0.037242047559191485
289,나의 하늘,22125,0.027300662059652127
290,유물 읽는 감정사,17833,0.019114087507844192
291,애늙은이,39322,0.06010227495980147
292,차피,28575,0.03960341272581269
293,별똥별이 떨어지는 그 곳에서 기다려,24203,0.03126424591768029
294,ONE,28924,0.0402690964440282
295,아빠는 변태중,50858,0.08210607832179036
296,그녀의 심청,74303,0.126825146440881
297,누나팬닷컴,27890,0.0382968415310344
298,드림캐처,63451,0.10612600687046633
299,해치지않아,23750,0.030400192266242965
300,동쪽으로,70026,0.1186671829371339
301,여혜,32663,0.04740087702399322
302,한밤의 공생,22058,0.027172866044980377
303,4학년,33717,0.04941128000106815
304,오디션,36829,0.055347118772090115
305,거울 죽이기,27271,0.0371161589477238
306,사귀자,70590,0.11974295834422143
307,매의 검,22947,0.028868547493386076
308,Breaker.Drawing,23555,0.030028248641452066
309,우리집에 왜 왔니,108030,0.1911561343040744
310,겟 레디 위드 미,24022,0.030919005937746172
311,공부하는 고양이,54375,0.08881441539045497
312,오만과 낭만,121930,0.2176690388404514
313,식물인간,20839,0.02484774153923624
314,화류 (花柳),30248,0.04279449828619822
315,오! 나의 왕자님,41743,0.0647200981168208
316,DVD,37311,0.05626648711644505
317,신룡의 주인,30285,0.042865072204748285
318,굿바이 사돈!,21753,0.026591108067743327
319,100%의 그녀,35316,0.052461217724353526
320,아티스트,81250,0.14007587649945735
321,아는 귀신,24163,0.031187949789518055
322,서브미션,26246,0.035161070663566496
323,SAVAGE,38946,0.059385091355076455
324,부딪치다,35782,0.05335006761744358
325,끼리끼리,20420,0.024048539596736813
326,나비소리,23603,0.030119803995246747
327,안개숲,19097,0.02152504515777085
328,승은이 망극하옵니다,15247,0.01418154282215563
329,소년이여,14937,0.0135902478288983
330,오피스텔,20944,0.025048018875662104
331,예쁜 남자,71839,0.12212530494608724
332,덕후의 여자,34355,0.05062820324525581
333,네 살 차이,34395,0.05070449937341805
334,모아세 (모두가 아름다워진 세상),35744,0.05327758629568946
335,들쥐,49815,0.08011665677996005
336,대디보이,30390,0.04306534954117416
337,빌런즈,42818,0.0667705565611809
338,하이힐을 신은 소녀,170546,0.31039935300883315
339,그 고양이가 통치하는 세상,41199,0.0636824707738144
340,체이서,25500,0.03373814787334079
341,껍데기,74383,0.12697773869720547
342,나와 그녀삼신과 호러맨스,21899,0.02686958893553549
343,강경옥 환상집 BEST,48547,0.07769806951721717
344,Go Bananas,44627,0.07022104895731804
345,괴담도시,38798,0.059102795680876175
346,진심으로 심쿵,20505,0.02421066886908156
347,그대로 좋아!,34633,0.05115846133598334
348,조숙의 맛,26693,0.036013679895779485
349,CAT (캣),60116,0.0997648171849399
350,모든 순간이 너였다,19798,0.022862134803814042
351,난 하마 안 될거야,46202,0.07322520900370608
352,도둑맞은 책,39662,0.06075079204918048
353,풀 뜯어먹는 소리,34667,0.051223313044921254
354,싸움의 기술2,27748,0.03802599027605846
355,유사과학 탐구영역,23495,0.029913804449208714
356,천사증후군,28259,0.03900067331333103
357,노인의 집,32889,0.047831950148109856
358,식탁 아래 Blue,41688,0.06461519094059774
359,애매하게 또,25960,0.03461555334720651
360,노말시티,34486,0.05087807306498714
361,밤에 사는 소녀,43115,0.06733705531278551
362,트라이앵글,30173,0.04265144304589402
363,난 짱이야,28223,0.038932006797985017
364,나를 깨우러 온,31365,0.04492506766512866
365,부산 신인작가 단편선,36453,0.054629935167365085
366,악연,29400,0.04117702036915881
367,러브 시그널,30131,0.042571332111323676
368,머리 위로 부는 바람,23345,0.02962769396860033
369,징크스의 연인,35687,0.05316886431305827
370,유치원의 하루,123569,0.22079527269189902
371,"프롬, 스타",20260,0.02374335508408787
372,51번째 남자,29601,0.04156040841317405
373,피그맨,37394,0.056424801582381695
374,혼담별곡,50670,0.08174748651942784
375,물고기의 밤,37101,0.05586593244359331
376,에덴의 왕,74770,0.12771590373717506
377,꼼짝마 스파이,32720,0.04750959900662441
378,취준생물,29207,0.04080889155077602
379,과격자매단,71233,0.12096941860442935
380,대치동 일타강사,26709,0.03604419834704438
381,남은 고양이,52986,0.08616503234002132
382,시동,31471,0.04512725240475859
383,월하노인,43262,0.06761744358378173
384,더블랙LABEL,23736,0.030373488621386183
385,흑룡연인,29911,0.04215170340643138
386,메시아 콤플렉스,57162,0.09413034812015876
387,뿔,17789,0.019030161766865734
388,한복이 너무해,18523,0.02043019571864277
389,마애(磨崖),36897,0.05547682218996591
390,스페이스 차이나 드레스,33586,0.04916141018133682
391,사라지지마,52873,0.085949495777963
392,미래에서 온 그이,36410,0.05454791682959069
393,카운터,18959,0.021261823515611143
394,경성이 서울을 만났을 때,20731,0.0246417419931982
395,"솔미솔파, 나의 노래",36498,0.054715768311547605
396,맛있는 스캔들,26448,0.035546366110785786
397,N번째 연애,50957,0.0822949112389919
398,시크릿 스타,29133,0.04066774371367589
399,헬헌터,24392,0.03162474512324685
400,크라임 퍼즐,40704,0.06273830618780672
401,광세영웅,39654,0.06073553282354803
402,그그그,21449,0.026011257493710332
403,어떻게든 중간만 간다면,38404,0.05835127881847815
404,젠틀한 야수,52499,0.0852361269796461
405,분홍분홍해,40905,0.06312169423182197
406,심해의 조각들,36405,0.0545383798135704
407,은빛고릴라,30002,0.04232527709800046
408,보통사이,42628,0.06640814995241029
409,어이상실의 시대,29640,0.04163479713813223
410,마왕비 납시오,19501,0.02229563605220944
411,나홀로 주부,20229,0.023684225584762138
412,그림자 밟기,32693,0.0474580991201149
413,늑대는 꽃의 향기,39463,0.060371218811573354
414,화양연화,32691,0.04745428431370679
415,청소부 K,24599,0.03201957758648643
416,단지,90426,0.1575782082998743
417,남자 셋 친칠라 하나,19741,0.02275341282118286
418,몸,25411,0.03356838898817982
419,0.0MHz,25236,0.03323459342747004
420,가깝다고 생각하면 가까운,42843,0.0668182416412823
421,디어 마이 유니버스,28513,0.03948515372716123
422,괜찮아! 골드미스,29951,0.042227999534593615
423,먼지소녀,20820,0.02481150087835917
424,드라이 플라워 (Dry flower),19081,0.021494526706505958
425,코에코이,28624,0.03969687548281143
426,치삼 탐정 사무소,60037,0.09961413233181948
427,어쩌다 발견한 7월,35075,0.05200153355217606
428,두근두근! 스테이지,24110,0.031086857419703094
429,스텔라 프린스,37042,0.05575339565455402
430,너도 나랑,31960,0.04605997257154192
431,천사의 집,22420,0.02786334600484862
432,1호선,48895,0.07836184583222862
433,통 엣지,31132,0.04448064271858364
434,드리밍,63726,0.1066505427515817
435,다정한 겨울,27081,0.03675375233895318
436,태양의 시,15670,0.014988374377471279
437,이안에 나,24895,0.03258416893488698
438,면사포를 쓰고픈 남자,40673,0.062679176688481
439,그놈의 스캔들,22848,0.02867971457618454
440,레이디 프로젝트,28085,0.0386687851558253
441,로미오가 줄리엣,25394,0.03353596313371087
442,위험한 동거,28306,0.03909032126392165
443,허세남길들이기,23200,0.029351120504012222
444,햄스터와 그녀,29742,0.04182935226494593
445,두근두근 근육소녀♡,32014,0.04616297234456094
446,호아전,16690,0.0169339256456083
447,말괄량이 길들이기,29661,0.0416748526054174
448,날라리,49552,0.07961500973729335
449,이웃잔혹사,32024,0.0461820463766015
450,러브 앤 위시,29440,0.04125331649732105
451,미래의 시간,83342,0.1440661640023423
452,빛나는 손을,38189,0.057941187129606136
453,진주,39827,0.0610655135778497
454,좋아한다는 걸 잊지마,42038,0.0652827820620173
455,그래도 되는가,21172,0.025482906806186853
456,사립갱생고교,117994,0.2101614998292874
457,엘리제를 위해,25402,0.03355122235934332
458,포 더 프린세스,37099,0.055862117637185196
459,"안녕, 엄마",38671,0.058860555473961074
460,"수수, 한",58654,0.09697619370061017
461,사생,38064,0.05770276172909915
462,발자국이 녹기 전에,32630,0.047337932718259375
463,아귀,48167,0.07697325629967593
464,인연을 바라다 : 희연,22075,0.027205291899449327
465,검은 방주,32244,0.0466016750814938
466,도나스 학교괴담,49719,0.07993354607237069
467,행복한 낙원의 당신,44514,0.07000551239525972
468,이병 일학년,27953,0.03841700793288992
469,이토록 완벽한 짝사랑,28042,0.0385867668180509
470,환상숲,48315,0.0772555519738762
471,지배,71108,0.12073099320392237
472,아쿠아맨,50102,0.0806640814995241
473,사수생도 연애를 한다,28976,0.04036828141063911
474,그녀는 VIP,45370,0.07163824953793156
475,사채,33397,0.04880091097577026
476,너에게 도달하는 방법,33529,0.04905268819870563
477,블리즈니치,39910,0.061223828043786344
478,환희의 초상,26493,0.03563219925496831
479,휴니멀,26162,0.035000848794425804
480,위대한 로맨스,31914,0.04597223202415535
481,반드시 잡는다!,21135,0.02541233288763678
482,밥 해주는 남자,31168,0.04454930923392965
483,죽어도 좋아♡,30823,0.043891255128530364
484,여고생 임연수,40419,0.062194696274650796
485,돌아갈 귀,43491,0.06805423891751053
486,우리 남매의 일상은,30878,0.043996162304753436
487,"쉼없이 시간을 거슬러, 너에게",29987,0.042296666049939625
488,용한 남자,21115,0.025374184823555662
489,도깨비언덕에 왜 왔니?,42522,0.06620596521278035
490,무능력자,24348,0.031540819382268395
491,귀신을 보는 남자,20005,0.023256967267053612
492,우두커니,88184,0.15330181031638096
493,라인업,67577,0.113995952490401
494,블링커,20957,0.02507281511731483
495,호접몽,29217,0.04082796558281658
496,옥탑빵,38946,0.059385091355076455
497,간이역에 겨울이 오면,32349,0.046801952417919665
498,영하의 온도,21365,0.02585103562456964
499,백은아란전,34442,0.050794147324008665
500,레이디 앤 젠틀맨,51811,0.08392383357525564
501,은상은상,40853,0.06302250926521105
502,그녀는 나를 싫어해,28104,0.03870502581670236
503,그렇고 그런 사이,30527,0.043326663780129816
504,홍도,39131,0.059737960947826796
505,처음 뵙겠습니다,37594,0.05680628222319287
506,다음웹툰 팬클럽 모집,71423,0.12133182521319998
507,박살소녀,63479,0.1061794141601799
508,하데스쿨,23342,0.02962197175898816
509,완벽한 저녁,21714,0.02651671934278515
510,빈둥빈둥 환타스틱 유럽 여행기,45121,0.07116330614012165
511,우렁각시,23388,0.02970971230637473
512,20세 보고서,24797,0.032397243420889496
513,서울협객전,76269,0.13057510114005488
514,메린;인어이야기,33224,0.048470930221468575
515,인피의상,70828,0.1201969203067867
516,미드나잇 파트너,74710,0.12760145954493174
517,티라레,25276,0.03331088955563227
518,너클걸 러스티,63907,0.10699578273151582
519,싱싱해요,66271,0.11150488390590398
520,크리스마스는 쨈과 함께,22442,0.027905308875337848
521,어제 오늘 그리고 내일,42285,0.06575391065341911
522,어디에서든 널 원해,42934,0.0669918153328514
523,대작,29067,0.040541855102208195
524,밤 10시에 만나,36497,0.05471386090834354
525,달이 뜨면 만나요,33072,0.048181004934452085
526,공기심장,39059,0.059600627917134774
527,공자님 거기 있어 줄래요,36739,0.055175452483725074
528,새벽날개,26498,0.035641736270988586
529,리버트 디디,39500,0.06044179273012343
530,수상한 레시피,32419,0.04693547064220358
531,차이니즈 봉봉클럽 광저우편,91107,0.15887714988183638
532,340일간의 유예,18645,0.020662898909537583
533,언더그라운드 블러드팩,34994,0.051847033892647526
534,완벽한 교실,20661,0.024508223768914282
535,사랑은 앵초색,41691,0.0646209131502099
536,오랑캐,27510,0.037572028313493155
537,죽기 살기로,28463,0.03938978356695843
538,겨울밤,22273,0.0275829577338524
539,함치르르,21747,0.026579663648518992
540,고양이 마마님,27524,0.03759873195834994
541,크로싱 코드,24614,0.03204818863454727
542,고등패왕전기,57011,0.09384233023634632
543,하늘에서 떨어진 폴,50129,0.0807155813860336
544,환상을 팝니다,30513,0.043299960135273034
545,곤조 스트릿 - 갱스터의 시대,30809,0.043864551483673575
546,11년 후 우리는,62322,0.10397254865308722
547,영웅의 변수,85699,0.14856191335430202
548,아인슈타인 브릿지,29627,0.0416100008964795
549,애휴,34501,0.05090668411304797
550,무신,35423,0.05266530986718751
551,하면 좋습니까?,45058,0.07104313973826612
552,옥탑방 표류기,22034,0.027127088368083037
553,헬로 브리,39965,0.06132873522000942
554,삐꾸래봉,27450,0.037457584121249804
555,연옥학원,20714,0.02460931613872925
556,얌얌숲 당근길 토요요,30907,0.044051476997671056
557,저승GO,21128,0.02539898106520839
558,오리지널 씬2,24014,0.030903746712113725
559,낮은 곳으로,61242,0.10191255319270684
560,첫사랑은 죽었다,30865,0.04397136606310071
561,에스키스,44070,0.06915862537265889
562,"안녕, 겨울",25178,0.03312396404163479
563,방랑시인 김삿갓,35579,0.05296286476702024
564,오만상과 편견,21383,0.025885368882242646
565,내 땅 한 조각,32759,0.04758398773158259
566,더블캐스팅 2014,22685,0.028368807853923428
567,절레절레 전래동화,166197,0.30210405647439403
568,이끼,76755,0.13150209909722604
569,화음의 정원,28253,0.03898922889410669
570,동궁왕후,54325,0.08871904523025217
571,익명의 독서중독자들,28586,0.03962439416105731
572,나는 달린다,26487,0.03562075483574397
573,어쿠스틱 라이프,39532,0.060502829632653216
574,놈들의 도시,31688,0.045541158900038715
575,어둠의 속도,25757,0.03422835049678316
576,스킬,24827,0.03245446551701117
577,보이지 않는 세계,46992,0.07473205753491025
578,삼각김밥을 까는 법,26080,0.03484444173169322
579,사막의 이방인,39310,0.0600793861213528
580,화자,72443,0.123277376481337
581,신림동 뱀파이어,24941,0.032671909482273546
582,키몽툰,42403,0.0659789842314977
583,너클걸,40177,0.061733104699269264
584,유럽에서 100일,77407,0.1327457259862705
585,나의 마녀,70827,0.12019501290358266
586,산신,28992,0.040398799861904006
587,영수의 봄,26010,0.03471092350740931
588,그림형제 잔혹동화,69114,0.1169276312150349
589,은밀하게 위대하게,43185,0.06747057353706942
590,다시피는 꽃,43230,0.06755640668125194
591,단지 그것 뿐,44105,0.06922538448480085
592,채홍사,47267,0.07525659341602561
593,트리니티 원더,46207,0.07323474601972636
594,위기의 애송이,51756,0.08381892639903256
595,붉은 밤의 각인,41245,0.06377021132120098
596,피그말리온 컴플렉스,19888,0.02303380109217907
597,작가의 사생활,31321,0.0448411419241502
598,오늘의 초능력,48423,0.07746155151991424
599,리와 구,24913,0.03261850219255998
600,나우,29470,0.041310538593442726
601,고블린로얄,109683,0.19430907180037876
602,강철강,27471,0.03749763958853498
603,골든왈츠,31770,0.0456975659627713
604,위 아 애니멀스,44099,0.06921394006557652
605,신무월 : DIVINE,30706,0.04366808895365582
606,The 윷놀리스트,48848,0.078272197881638
607,천랑열전,28086,0.03867069255902936
608,인랑:프리퀄,38709,0.05893303679571521
609,돗가비 감투,65360,0.10976723958700904
610,개밥도토리,33960,0.04987477897965373
611,찬! 평범한 그녀석,23916,0.030716821198116244
612,벨트 위 벨트 아래,25023,0.03282831654500613
613,남동공단,24540,0.03190704079744713
614,블레이드2 : THE RETURN OF EVIL,32055,0.04624117587592723
615,곱게 자란 자식,43208,0.0675144438107627
616,귀신이면 어때,75858,0.1297911584231879
617,엄마들,31363,0.04492125285872055
618,스틸레인2 : 강철비,24359,0.03156180081751301
619,TEN,28752,0.039941023092930586
620,미생,29564,0.04148983449462398
621,연애싫어,33117,0.048266838078634605
622,궁 안에 살다,36387,0.0545040465558974
623,가슴도 리콜이 되나요,33674,0.04932926166329374
624,사장님과 금비서,20597,0.024386149963854707
625,가내수공업 Ent.,34391,0.05069686976060182
626,화요일에 죽는 남자,31622,0.04541527028857103
627,도깨비훈장,32227,0.04656924922702485
628,죽고 못사는 연애,33038,0.048116153225514185
629,구리의 구리구리,72283,0.12297219196868807
630,정육면체의 비밀,31812,0.04577767689734165
631,썸머 테이스트,32440,0.046975526109488755
632,초상화,40404,0.06216608522658995
633,내 자식의 사생활,196795,0.3604667797120965
634,19세기말 비망록,54154,0.08839287928235862
635,풍월주 - 바람과 달의 주인,64016,0.10720368968075791
636,온더힐,41045,0.06338873068038979
637,파워맨,32968,0.047982635001230275
638,2018 다음웹툰 능력고사,27006,0.03661069709864898
639,허식당,17710,0.018879476913745315
640,연민의 굴레,34065,0.0500750563160796
641,초월(初月),31365,0.04492506766512866
642,매분구,21736,0.026558682213274377
643,파파 투 파파,30023,0.042365332565285636
644,아수라발발타,36476,0.054673805441058376
645,공대에는 아름이가 없다,22865,0.028712140430653496
646,내 사랑 마리아,26175,0.03502564503607853
647,가랑가랑,44342,0.0696774390441621
648,총수,30434,0.043149275282152615
649,혼자를 기르는 법,40465,0.062282436822037365
650,이프 1,25697,0.03411390630453981
651,이프 2,47595,0.07588222166695595
652,내가 안했어요,53487,0.08712064134525332
653,그 녀석이 찾아왔다,22916,0.028809417994060345
654,두번째 집,30305,0.0429032202688294
655,라그나로크,44548,0.07007036410419762
656,독고 플라워,24075,0.031020098307561132
657,독고 리와인드,41316,0.06390563694868893
658,독고,37956,0.057496762183061115
659,통 3부 유아독존,48746,0.07807764275482429
660,통 2부 비밀,44534,0.07004366045934084
661,통 1부,27493,0.037539602459024206
662,매생이가 나타났다,38168,0.05790113166232096
663,어른의 취미,21534,0.026173386766055087
664,금빛도깨비 쿠비,69441,0.1175513520627612
665,네크로맨서,26611,0.035857272833046905
666,옥탑의 전설,21723,0.02653388597162165
667,가딩 : 그녀는 나의 웬수,32013,0.04616106494135688
668,대새녀의 메이크업 이야기,24047,0.030966691017847568
669,마귀,46561,0.07390996675396215
670,실,23993,0.030863691244828552
671,고등학쌤,19279,0.02187219254090903
672,대나무숲,45594,0.07206550785564009
673,브릿지,22068,0.027191940077020936
674,미씽 : 비 오는 날마다,47763,0.07620266540523735
675,월령관 살인사건 ,66645,0.11221825270422088
676,마이 러블리 투투,23677,0.030260951832346887
677,사랑스러운 복희씨,32118,0.046361342277782755
678,게임회사 여직원들,129442,0.23199745170931935
679,눈을 감다,26978,0.03655728980893542
680,MR!P : 어둠의 씨앗,84750,0.146751787713653
681,풍뎅이뎅이,52731,0.08567864452298705
682,더스크 하울러,32728,0.047524858232256856
683,라디오 갤럭시,32029,0.04619158339262178
684,케덴독,41901,0.06502146782306165
685,무장,40062,0.061513753330802834
686,블랙 마리아,22045,0.02714806980332765
687,살아말아,41930,0.06507678251597926
688,인천상륙작전,40839,0.06299580562035427
689,고교대장부,33249,0.04851861530156998
690,아띠아띠,42106,0.0654124854798931
691,신수의 주인,48230,0.07709342270153145
692,퍼펙트 게임,24386,0.03161330070402252
693,애완견의 법칙,46950,0.07465194660033989
694,피치핏치핑크,38756,0.05902268474630583
695,기적의 앱스토어,32310,0.04672756369296149
696,백 투 더 하이틴,40435,0.06222521472591569
697,달콩분식,32917,0.04788535743782342
698,어떤 거짓말,39035,0.059554850240237434
699,웹툰작가 살인사건,22479,0.027975882793887914
700,음양사,47294,0.07530809330253513
701,일진의 크기,29732,0.041810278232905375
702,가디언즈 오브 갤럭시 :  죽음의 보석,41686,0.06461137613418963
703,잉어왕,47381,0.07547403738128798
704,장산범 : 거부할 수 없는 목소리,26325,0.035311755516686916
705,썸머드림,50256,0.0809578215929487
706,마샬아츠,46381,0.07356663417723208
707,궁상가족,33145,0.04832024536834817
708,도플,29533,0.041430704995298245
709,랫츠,31871,0.045890213686380944
710,로렌스를 구해줘,54342,0.08875147108472112
711,아 지갑놓고나왔다,69875,0.11837916505332145
712,못 잡아먹어 안달,42139,0.06547542978562695
713,용이라고 불러줘,51551,0.0834279087422011
714,Dr.브레인,21925,0.02691918141884095
715,에비츄,47413,0.07553507428381777
716,당신의 소원은 무엇입니까,29673,0.04169774144386607
717,트레져헌터3,69250,0.1171870380507865
718,Rule makers,23989,0.03085606163201233
719,중인클럽,20014,0.023274133895890114
720,술꾼도시처녀들,27678,0.037892472051774546
721,애프터눈 히어로즈,67292,0.11345234257724505
722,키스앤코리아,87203,0.1514306477732021
723,결혼복권,29915,0.042159333019247604
724,낯선 거울,25132,0.03303622349424822
725,부암동 복수자 소셜클럽,31158,0.04453023520188909
726,"아이오, 아이티!",33253,0.0485262449143862
727,70,34771,0.05142168297814306
728,"어쩌면, 사랑",52330,0.08491377583816065
729,빅토리아처럼 감아차라,30659,0.04357844100306519
730,아스팔트 정원,25035,0.0328512053834548
731,올드독의 맛있는 제주일기,56096,0.09209705630463517
732,파도를 걷는 소녀,49477,0.07947195449698916
733,조상님이 돌아왔다,26301,0.035265977839789575
734,신시,31430,0.04504904887339229
735,Last Test,57020,0.09385949686518283
736,작약만가 : 서리꽃,51173,0.08270691033106796
737,아시안 하이웨이,40913,0.06313695345745442
738,답은 이미 정해져있다,23520,0.02996148952931011
739,19년 뽀삐,34794,0.05146555325183634
740,뷰티풀 라이어,40375,0.06211077053367234
741,세자전,88957,0.15477623299311616
742,그놈은 여고생,29231,0.04085466922767336
743,놀러와 마이홈,58808,0.09726993379403477
744,아담,39129,0.059734146141418684
745,페이머스맨,39206,0.05988101618813099
746,"회색 방, 소녀",24848,0.032494520984296345
747,소년 가라사대,532085,0.9999999999999999
748,무균격리구역 AA아파트,48718,0.07802423546511073
749,여우는 같은 덫에 두 번 걸리지 않는다,23021,0.029009695330486217
750,밤의 베란다,72383,0.12316293228909365
751,부탁해요 이별귀,36385,0.054500231749489286
752,보에,21937,0.02694207025728962
753,웰컴 투 고스트시티,25796,0.03430273922174134
754,캐셔로,38970,0.059430869031973796
755,오빠의 향기,32486,0.047063266656875324
756,사랑하는 나의 엄마에게,68237,0.11525483860507789
757,하푸하푸,57502,0.09477886520953777
758,국민사형투표,42168,0.06553074447854457
759,멈춰있는 동안에,61988,0.10333547598293255
760,던전오브다단계,84505,0.1462844739286593
761,학교를 떠나다,40706,0.06274212099421483
762,우리 집에 사는 남자,18383,0.02016315927007494
763,지구방위연구소,85462,0.14810985879494076
764,더 헌터,42700,0.06654548298310231
765,죽어 마땅한 자,25011,0.032805427706557456
766,양말도깨비,26086,0.03485588615091755
767,아빠는 16세,24433,0.03170294865461315
768,백조만화방,41672,0.06458467248933285
769,계마로의 블로그,46989,0.07472633532529807
770,생존인간,46997,0.07474159455093052
771,집떠난 개고생,37999,0.05757878052083551
772,청춘극장,31134,0.04448445752499175
773,별신마을 각시,74773,0.12772162594678726
774,마야비,45067,0.07106030636710263
775,[특집] 15인의 반전만화,38894,0.05928590638846555
776,스타워즈 : 깨어난 포스 그 이전의 이야기,42220,0.06562992944515547
777,오버 스팀,63525,0.10626715470756647
778,장기대출,46655,0.0740892626551434
779,아유고삼,27649,0.03783715735885693
780,스타캣의 힐링툰,74423,0.1270540348253677
781,감염,45742,0.07234780352984037
782,루드비코의 움짤 일상,70116,0.11883884922549891
783,루리웹 괴담썰,86950,0.150948074762576
784,달세즈,65892,0.1107819780915668
785,설련화,31624,0.04541908509497914
786,2015 동물농장,210317,0.3862586858373404
787,아메리칸 유령잭,21273,0.025675554529796495
788,여기 고수 추가요!,39969,0.061336364832825646
789,잡초 이야기 : LIVE,56715,0.09327773888794577
790,무(武)림수사대2,84087,0.1454871793893639
791,치삼만화,37452,0.056535430968216935
792,50픽셀 데이즈,35224,0.05228573662958039
793,꽃드림,29119,0.040641040068819106
794,타고난 사람들,31065,0.04435284670391189
795,점핑걸,22251,0.027540994863363172
796,마늘오리무중,35998,0.05376206670951965
797,용비개천가,34314,0.050549999713889515
798,아메리칸 유령잭 : 무빙툰,35178,0.05219799608219382
799,친구엄마,26629,0.03589160609071991
800,달콤쌀쌀한 신혼부부,51182,0.08272407695990447
801,[PC개편특집] 달라진 그녀석,28015,0.03853526693154139
802,조난! 에로로,29218,0.040829872986020636
803,물빛에 빠져죽다,61373,0.10216242301243816
804,잉여인생,50801,0.08199735633915917
805,귀신,27529,0.03760826897437022
806,셜록 : 여왕폐하의 탐정 2,19082,0.021496434109710014
807,무빙,32030,0.04619349079582583
808,묘진전,73654,0.1255872417614487
809,치삼만화 더빙툰,38118,0.057805761502118164
810,하푸하푸 더빙툰,49556,0.07962263935010958
811,가족의 초상,43269,0.06763079540621011
812,들숨날숨,51143,0.08264968823494628
813,지하철도의 밤,133725,0.24016685963229079
814,파인,33302,0.048619707671384946
815,연애가 제일 쉬웠어요,43916,0.06886488527923429
816,새나라의 어린이들,65563,0.1101544424374324
817,하숙집 도로시,36801,0.05529371148237654
818,왈퐈,35011,0.05187945974711648
819,데미지 오버 타임,77966,0.13381196437733772
820,소소한가,40652,0.06263912122119582
821,양말도깨비 더빙툰,24498,0.03182692986287678
822,관찰인간,37250,0.05615013552099764
823,까칠한 임작가의 만화그리기,28416,0.039300135616367804
824,와인드업 아이돌,30922,0.044080088045731894
825,구여친클럽,44490,0.06995973471836238
826,PT맨 강코치,26768,0.03615673513608368
827,동네의사 닥터쿡,32622,0.04732267349262693
828,엘리베이터에 낀 그 남자는 어떻게 되었나,30638,0.043538385535780016
829,찡한 일상단편,50315,0.081070358381988
830,나의 빛나는 세계,51558,0.08344126056462949
831,오늘은 자체 휴강,24117,0.031100209242131485
832,에스탄시아 3,51576,0.08347559382230249
833,브레이커2,62594,0.10449136232459043
834,새싹툰,30289,0.04287270181756451
835,늑대처럼 울어라,43295,0.06768038788951557
836,안녕! 바북아,35652,0.05310210520091631
837,괴담콜렉터,38245,0.058048001709033265
838,에이스 하이,33274,0.04856630038167138
839,어벤져스 : 일렉트릭 레인,127533,0.22835621899277664
840,상상고양이,72216,0.12284439595401632
841,"<연애가 제일 쉬웠어요> 실전, 연애노트",42628,0.06640814995241029
842,도대체 무슨 일이야,32102,0.04633082382651786
843,그녀와 32분의 1,39467,0.06037884842438958
844,유턴,50629,0.08166928298806156
845,"비긴, 짜릿하게 이뤄져라",70717,0.11998519855113653
846,천국에 깃들다,34595,0.05108598001422922
847,지킬박사는 하이드씨,28112,0.03872028504233481
848,하이드,37484,0.05659646787074672
849,암묵적 동의,22782,0.028553825964716853
850,<저녁같이 드실래요> 그들의 대화,41683,0.06460565392457746
851,호구의 사랑,34354,0.05062629584205175
852,슈퍼스타 마광길,50421,0.08127254312161793
853,순간,70543,0.1196533103936308
854,괴물 같은 아이돌,42312,0.06580541053992862
855,부엉이 식당,45753,0.07236878496508498
856,체리보이 그녀,24697,0.0322065031004839
857,청둥아 진정해!,66702,0.11232697468685206
858,취미학배틀,30956,0.04414493975466979
859,레테,33663,0.04930828022804912
860,모험의 꿈동산,31695,0.045554510722467106
861,이장본색,48481,0.07757218090574948
862,연무,30950,0.04413349533544546
863,언더시티2,37355,0.05635041285742351
864,기래믹스,47272,0.07526613043204589
865,PEAK ,44960,0.07085621422426865
866,동재네 식구들,42396,0.06596563240906932
867,개와 토끼의 주인,43092,0.06729318503909222
868,로봇이 상냥해,57273,0.09434206987580897
869,신사의 집,36874,0.05543295191627262
870,청소년 영화,53045,0.08627756912906061
871,모르모트 인 더 시티,57259,0.09431536623095219
872,장난감의 사정,39944,0.06128867975272424
873,셜록 : 여왕폐하의 탐정 1,35227,0.05229145883919255
874,제비전,37840,0.05727550341139062
875,아네미아,54549,0.08914630354796069
876,한성 1905,34731,0.05134538684998083
877,팬더댄스,48436,0.07748634776156696
878,은밀하게 위대하게2,47640,0.07596805481113847
879,여행해도 똑같네,85403,0.1479973220059015
880,포착! 락스캔들,27674,0.03788484243895832
881,루드비코의 만화일기,67258,0.11338749086830714
882,마왕을 위한 동화,54892,0.08980054284695187
883,육갑 : 여섯개의 갑,55656,0.09125779889485057
884,포코알레그레토,44600,0.07016954907080852
885,달이 내린 산기슭,25886,0.03447440551010637
886,망치를 부수는 변호사,38197,0.05795644635523858
887,잘 먹겠습니다,40080,0.06154808658847584
888,꽃처럼 산다,47517,0.07573344421703959
889,포션매니아,53745,0.08761275137189975
890,쓸개,48353,0.07732803329563032
891,트러블 메이커 어게인,49293,0.07912099230744286
892,공긔 엇더하니잇고,34731,0.05134538684998083
893,지구 전세냈냐,27963,0.03843608196493048
894,카산드라,40596,0.06253230664176869
895,빌어먹을 것들,46392,0.0735876156124767
896,군대라면,57117,0.09404451497597625
897,명탐정 포우,70612,0.11978492121471064
898,동거,30416,0.04311494202447961
899,기세기세2,44654,0.07027254884382754
900,아름다운 선,47671,0.0760271843104642
901,오토마타,41640,0.06452363558680305
902,러브메이커,41710,0.06465715381108697
903,더 퀸 : 침묵의 교실 ,35583,0.05297049437983646
904,삼풍,62850,0.10497965754482873
905,탐묘인간,89165,0.15517297285955978
906,외발로 살다,33798,0.049565779660596665
907,CCTV,37597,0.05681200443280504
908,미 앤 아이,32850,0.04775756142315167
909,마녀,43868,0.06877332992543961
910,왕자의 조건,32444,0.04698315572230498
911,설국열차 : 프리퀄,90058,0.15687628392078173
912,십이야,34401,0.05071594379264238
913,라임 오딧세이,32079,0.046286953552824577
914,짐승수컷고등학교,57310,0.09441264379435904
915,9교시엔  XOXO,32833,0.04772513556868273
916,벼랑 끝의 디저트,64164,0.1074859853549582
917,오!솔로,72759,0.12388011589381866
918,저스트 원 샷,44416,0.06981858688126223
919,인기 있는 남자,39365,0.06018429329757588
920,폐어,63129,0.10551182303876033
921,제 0시 : 대통령을 죽여라,46898,0.07455276163372898
922,수사전,22759,0.028509955691023568
923,가우시안 블러,54750,0.08952969159197592
924,파수꾼의 왈츠,31229,0.044665660829377056
925,결혼해도 똑같네,44874,0.07069217754871984
926,0.1초의 설렘,27172,0.03692732603052226
927,지옥철,58066,0.0958546406166253
928,우리집 새새끼,38300,0.058152908885256344
929,안되는 건 안되는 거다,45707,0.0722810444176984
930,은밀하게 위대하게 : 슬럼버,19795,0.022856412594201875
931,검둥이 이야기,43872,0.06878095953825583
932,피노키오,51290,0.0829300765059425
933,바람을 가르며,51398,0.08313607605198055
934,다이아몬드 더스트,44672,0.07030688210150055
935,사일런트 스마일,24606,0.03203292940891482
936,3M,30659,0.04357844100306519
937,헌티드 스쿨,25598,0.03392507338733827
938,세상 밖으로,30767,0.04378444054910323
939,커밍업!,26249,0.035166792873178664
940,그루밍 선데이,33028,0.04809707919347363
941,돼지고기 동동,50174,0.08080141453021612
942,한여름밤의 꿈,26753,0.03612812408802284
943,영혼을 위한 드래곤 수프,50832,0.0820564858384849
944,나쁜 여자들,40321,0.06200777076065332
945,루드비코의 만화영화,96394,0.16896159062167992
946,파이팅 스타,40538,0.06242167725593345
947,"다시, 봄",27018,0.03663358593709765
948,언더시티,36073,0.053905121949823845
949,올망동은 평화롭습니다,107215,0.18960160069276882
950,트릭코드,25862,0.03442862783320903
951,애썸,71586,0.12164273193546109
952,트레이스 : 향수,28978,0.040372096217047224
953,미궁의 숲,27997,0.03850093367386838
954,웨이크 업 데드맨,32755,0.047576358118766364
955,오세요 타로샵,45915,0.07267778428414204
956,아수라연,44351,0.06969460567299861
957,노루 ,53123,0.08642634657897698
958,청춘이 청춘일때,33908,0.04977559401304282
959,황야의 무법자들,27104,0.03679762261264646
960,아코르,56438,0.09274938820042229
961,다이어터,25280,0.033318519168448496
962,굿모닝 사회인 야구,41822,0.06487078296994123
963,나는 매일 그를 훔쳐본다,30457,0.0431931455558459
964,고.흔.연,49598,0.07970275028467992
965,4월의 눈을 가진 소녀,35998,0.05376206670951965
966,가디언스2,62656,0.10460962132324189
967,돌발영상,33458,0.04891726257121766
968,레이어즈 아나키,32210,0.046536823372555894
969,오! 마이 레이스,32821,0.04770224673023406
970,어떤 교집합,72217,0.12284630335722037
971,위나암림,35384,0.052590921142229324
972,란의 공식,54958,0.08992643145841955
973,코알랄라,64802,0.10870290859914586
974,용사에게 소중한 것,63882,0.10694809765141443
975,빨간봉투,29761,0.041865592925822995
976,미세스 선녀,38356,0.05825972346468347
977,도사랜드,31559,0.0452951038867155
978,흰둥이,51550,0.08342600133899704
979,바람개비 소년의꿈,58491,0.09666528697834906
980,낙오여군복귀기,36416,0.054559361248815025
981,모든걸 걸었어,48262,0.07715445960406124
982,지혜가 쫀득쫀득,79282,0.1363221069938753
983,순정큐피트,26707,0.03604038354063627
984,비굴해도 괜찮아,56585,0.09302977647141851
985,후크는 악당이다,36122,0.05399858470682259
986,날 좋아해줘,43391,0.06786349859710494
987,사춘기 메들리,45405,0.07170500865007352
988,소녀K,31590,0.045354233386041234
989,남자들의 수다,46631,0.07404348497824606
990,사라세니아,46765,0.07429907700758955
991,환상의 파트너,33008,0.04805893112939251
992,쏘쏘리,77739,0.13337898385001706
993,라스트,46856,0.07447265069915864
994,오늘의 히어로,32559,0.04720250709077141
995,스틸레인,63583,0.1063777840934017
996,별호도감,28997,0.040408336877924285
997,보고 있으면 기분 좋아져라 ,54724,0.08948009910867047
998,조명가게,36878,0.055440581529088845
999,낭만오피스,49260,0.07905804800170903
1000,창작의 고통,28377,0.039225746891409626
1001,돼지털,22270,0.027577235524240233
1002,아침에 시 한 수,71594,0.12165799116109353
1003,커피와 하루 the start,27025,0.036646937759526044
1004,바나나 트위스트,27447,0.037451861911637636
1005,메트로놈,26421,0.03549486622427628
1006,무한도전,72597,0.12357111657476162
1007,무늬만 사람,53497,0.08713971537729388
1008,잡초이야기,63759,0.10671348705731555
1009,더 파이브,34975,0.05181079323177047
1010,블랙윈드,38472,0.05848098223635395
1011,기춘씨에게도 봄은 오는가,36178,0.05410539928624972
1012,77번째 돌연변이,30551,0.04337244145702716
1013,그녀의 수염,61596,0.10258777392694263
1014,학원기이야담,37901,0.057391855006838036
1015,에어리어제로,37014,0.055699988364840455
1016,창공의 코코,23414,0.029759304789680183
1017,여섯살 엄마,26831,0.0362769015379392
1018,피NO키오,34841,0.05155520120242697
1019,인터뷰,38784,0.05907609203601939
1020,데드크로스,19160,0.021645211559626377
1021,언더스터디,22552,0.028115123227784
1022,레이어즈,27320,0.037209621704722536
1023,냥군의 서울맛집,117107,0.20846963318728978
1024,광해이야기2,47841,0.0763514428551537
1025,보지 못하고 듣지 못하고 사랑해,37503,0.05663270853162379
1026,트레져헌터2,44554,0.07008180852342195
1027,나선의 젠투,50188,0.0808281181750729
1028,거울아씨전,53839,0.087792047273081
1029,기다림이 설렘이 되는 숫자2,69881,0.11839060947254577
1030,꿈꾸는 고양이 바림,57464,0.09470638388778364
1031,파라다이스,25765,0.03424360972241561
1032,야옹이와 흰둥이,45483,0.07185378609998988
1033,이너 다이어리,33677,0.0493349838729059
1034,가디언스,36238,0.05421984347849307
1035,고마워 다행이야,26989,0.03657827124418003
1036,수심 3000m에 닿으면,30599,0.04346399681082184
1037,마왕의 성,32856,0.047769005842376006
1038,녹색인간,27239,0.03705512204519401
1039,기네스 세계기록 세우기,29073,0.04055329952143253
1040,조선협객유랑기 솔개편,26227,0.035124830002689435
1041,럭키미,35422,0.05266340246398346
1042,라이오트,36331,0.05439723197647027
1043,대박소녀,102560,0.18072263877788858
1044,벌총총,38886,0.059270647162833104
1045,시간을 지배하는 김대리,92203,0.1609676637934816
1046,마노'S 패밀리,17721,0.018900458348989936
1047,배추걸의 우아한 일상,41881,0.06498331975898053
1048,비산,42454,0.06607626179490456
1049,아쉬탕가,30190,0.04268386890036297
1050,커피와 하루 ternate,41723,0.06468195005273969
1051,킨더삼국,27305,0.0371810106566617
1052,인생이장난2,48105,0.07685499730102446
1053,암브로시아,35688,0.05317077171626232
1054,가론피,38158,0.0578820576302804
1055,모르모트,50821,0.08203550440324028
1056,사랑이야기,34336,0.050591962584378744
1057,똥벌레,45327,0.07155623120015717
1058,노숙자 블루스,40406,0.06216990003299806
1059,좀비의 시간2,40335,0.062034474405510104
1060,차이니즈 봉봉클럽 북경편,33042,0.04812378283833041
1061,아는 동화,39838,0.06108649501309432
1062,앞으로 나란히,39843,0.061096032029114594
1063,겨울하나,46700,0.07417509579932592
1064,마당에 데굴데굴 열매,38433,0.05840659351139578
1065,커피와하루,31207,0.04462369795888783
1066,페어리하트,32627,0.04733221050864721
1067,무채색 가족,21433,0.02598073904244544
1068,프리스타일 풋볼,47025,0.07479500184064408
1069,당신의 모든 순간,31425,0.04503951185737201
1070,얼렁뚱땅 사무소,135677,0.24389011068660787
1071,신입사원 김이병씨,29708,0.04176450055600803
1072,엄마 찾아 우주선,32800,0.04766219126294888
1073,당신과 당신의 도서관,29668,0.04168820442784579
1074,마리오네트,49871,0.08022347135938718
1075,디스라이크,31225,0.04465803121656083
1076,미소식가,35686,0.05316695690985421
1077,수퍼우먼2,46447,0.07369252278869977
1078,메신저,77293,0.13252828202100814
1079,몌별,39193,0.05985621994647826
1080,기찰비록,48355,0.07733184810203843
1081,슴셋,59000,0.09763615520921351
1082,빵굽는고양이,45107,0.07113660249526486
1083,환상주사위,24141,0.031145986919028826
1084,GONE,54826,0.08967465423548418
1085,만화가 말합니다,102557,0.18071691656827643
1086,트레져헌터1,27906,0.038327359982299296
1087,에스탄시아2,38240,0.05803846469301299
1088,에스탄시아1,60561,0.10061361161074478
1089,위대한 캣츠비,40968,0.06324186063367748
1090,아일랜드,45995,0.07283037654046651
1091,브레이커1,38617,0.05875755570094206
1092,장마,55178,0.09034606016331186
1093,이스크라,41794,0.06481737568022766
1094,매지컬,36771,0.05523648938625486
1095,풋프린트,54169,0.08842149033041945
1096,팬더댄스와 차봉클럽,53042,0.08627184691944845
1097,샤논,83847,0.1450294026203905
1098,실버볼2,39798,0.06101019888493209
1099,12단곡괭이,69397,0.11746742632178271
1100,아리동 라스트 카우보이,24822,0.03244492850099089
1101,주선,65731,0.11047488617571379
1102,스윗로드,70602,0.1197658471826701
1103,광해이야기,29729,0.04180455602329321
1104,스트리트,34234,0.05039740745756505
1105,크레이지,70058,0.11872821983966368
1106,우리동네에 왜 왔니,33641,0.04926631735755989
1107,셔틀맨,142921,0.25770733949678887
1108,헌티드스쿨 원더러즈 에이스,44312,0.06962021694804042
1109,To.From,74151,0.1265352211538645
1110,탄,41393,0.06405250699540124
1111,신화전설,55402,0.09077331848102038
1112,MIC,37924,0.05743572528053133
1113,실버볼1,96206,0.1686029988193174
1114,반짝반짝 컬링부,37791,0.05718204065439189
1115,시계태엽,52066,0.08441022139228989
1116,카메라ON,31077,0.04437573554236056
1117,울고싶을 때 날 봐,54417,0.08889452632502531
1118,종달새가 말했다,40843,0.0630034352331705
1119,지옥에서 ,71802,0.12205473102753718
1120,고백,28334,0.039143728553635224
1121,모델,54418,0.08889643372822936
1122,흩날리는,96883,0.16989431078846323
1123,펜트하우스,45692,0.07225243336963756
1124,수퍼우먼1,64553,0.10822796520133593
1125,그녀방위군,26844,0.03630169777959193
1126,R에 관해서,38879,0.059257295340404706
1127,룬의 이야기,34009,0.04996824173665246
1128,까야제맛,38776,0.059060832810386946
1129,인생이장난,74981,0.12811836581323088
1130,세브리깡,50094,0.08064882227389165
1131,비행접시 ,46395,0.07359333782208886
1132,탁구공,52318,0.08489088699971198
1133,사랑보험,46560,0.07390805935075809
1134,죽이는 노래방,73630,0.12554146408455136
1135,환상스케치,72972,0.12428639277628258
1136,삼백이론,38575,0.05867744476637171
1137,어게인,30813,0.0438721810964898
1138,업그레이드 ,75597,0.1292933261869293
1139,SO MANY PEOPLE,50339,0.08111613605888535
1140,무차별! 강팀장,44073,0.06916434758227107
1141,미확인거주물체,23800,0.030495562426445764
1142,파페포포,55685,0.0913131135877682
1143,방벽동,33894,0.04974889036818604
1144,밤12시 ,54819,0.08966130241305578
1145,염라공주 모모레,33862,0.049687853465656254
1146,술,54791,0.08960789512334222
1147,12월 ,46078,0.07298869100640315
1148,고양이 장례식,56767,0.09337692385455668
1149,향연상자,67854,0.11452430317792446
1150,박대리는 사회 부적응자,38885,0.05926873975962904
1151,항해1,26747,0.0361166796687985
1152,해골택시,35891,0.05355797456668568
1153,마음이 만든 것,65876,0.1107514596403019
1154,이웃사람,49697,0.07989158320188146
1155,샴,44213,0.06943138403083889
1156,천사의 섬,47640,0.07596805481113847
1157,데이지2,26654,0.03593929117082131
1158,무림수사대,101663,0.17901169810385048
1159,페퍼민트 ,71326,0.12114680710240656
1160,교수인형,32814,0.04768889490780566
1161,데자뷰,53435,0.08702145637864242
1162,공길동전,36888,0.0554596555611294
1163,울트라병장,38451,0.058440926769068785
1164,블러드 오션,29268,0.040925243146223436
1165,"봄, 가을",48025,0.07670240504469998
1166,큐브릭,32020,0.046174416763785274
1167,커피 앤 페이퍼,30645,0.04355173735820841
1168,모니 앤 스토리,55706,0.09135316905505338
1169,도로시밴드,57413,0.09460910632437679
1170,브이,83642,0.14463838496355907
1171,천년동화,43484,0.06804088709508213
1172,그대를 사랑합니다,80683,0.13899437888275762
1173,오리우리,25010,0.0328035203033534
1174,도깨비,29863,0.04206014805263669
1175,죽는남자,28355,0.0391837840209204
1176,스멜스 라이크 30 스피릿,71056,0.12063180823731147
1177,로맨스 킬러,32176,0.046471971663617995
1178,26년,57334,0.09445842147125638
1179,제갈주먹,68753,0.11623905865837071
1180,심인애씨의 소유,24180,0.031220375643987004
1181,돈까스취업,42444,0.066057187762864
1182,남아돌아,40933,0.06317510152153553
1183,타이밍,54939,0.0898901907975425
1184,놀아죠 패밀리,35276,0.05238492159619129
1185,바보,37595,0.05680818962639693
1186,데이지1,79072,0.1359215523210236
1187,아파트,41538,0.06432908045998935
1188,순정만화,47650,0.07598712884317903
1189,참교육,54822,0.08966702462266796
1190,뷰티풀 군바리,53388,0.08693180842805179
1191,윈드브레이커,52755,0.08572442219988441
1192,소녀의 세계,58034,0.09579360371409551
1193,장씨세가 호위무사,55765,0.09146570584409267
1194,파이게임,93477,0.16339769547544886
1195,만렙돌파,78979,0.13574416382304638
1196,앵무살수,60723,0.10092261092980183
1197,유일무이 로맨스,87294,0.1516042214647712
1198,착한건 돈이된다,40580,0.0625017881905038
1199,백수세끼,47539,0.07577540708752882
1200,칼가는 소녀,62919,0.10511126836590859
1201,브랜든,67347,0.11355724975346813
1202,요리GO,47414,0.07553698168702183
1203,싸이코 리벤지,47428,0.07556368533187861
1204,히어로메이커,64693,0.10849500164990376
1205,오늘의 순정망화,43537,0.0681419794648971
1206,평범한 8반,48006,0.07666616438382293
1207,결혼생활 그림일기,42625,0.06640242774279811
1208,삶이 우리를 속일지라도,62451,0.10421860366641043
1209,리턴 투 플레이어,52305,0.08486609075805925
1210,야생천사 보호구역,44294,0.06958588369036742
1211,마지막 지수,50395,0.08122295063831247
1212,"선배, 그 립스틱 바르지 마요",58478,0.09664049073669632
1213,아는 여자애,62792,0.10486902815899349
1214,바이러스X,256718,0.4747641019087383
1215,순정말고 순종,41573,0.06439583957213131
1216,사장님을 잠금해제,63204,0.10565487827906453
1217,꿈의 기업,48378,0.07737571837573172
1218,오로지 오로라,56774,0.09339027567698507
1219,그림자 신부,49022,0.07860408603914372
1220,트리거,64200,0.1075546518703042
1221,서브 콤플렉스,43418,0.06791499848361444
1222,침범,60716,0.10090925910737344
1223,피플,69988,0.11859470161537976
1224,왕따협상,56915,0.09365921952875696
1225,두근두근 네가 좋아서,53259,0.08668575341472858
1226,와이키키 뱀파이어,53923,0.08795226914222169
1227,라서드,41776,0.06478304242255466
1228,정보전사 202,50187,0.08082621077186884
1229,개밥 먹는 남자,49742,0.07997741634606396
1230,이탄국의 자청비,65791,0.11058933036795714
1231,안녕 나의 모모로,48973,0.07851062328214498
1232,도플갱어의 게임,70052,0.11871677542043933
1233,이중첩자,69258,0.11720229727641894
1234,뱀파이어의 꽃,73062,0.12445805906464762
1235,원하는 건 너 하나,50315,0.081070358381988
1236,백호랑,75510,0.12912738210817643
1237,여기 악마가 있어,65463,0.1099637021170268
1238,드로잉 레시피,42052,0.06530948570687409
1239,인간의 온도,49334,0.07919919583880916
1240,하슬라,57008,0.09383660802673416
1241,보살님이 캐리해!,57108,0.09402734834713974
1242,헬로맨스,55261,0.0905043746292485
1243,여신강림,49081,0.07871662282818302
1244,한림체육관,65489,0.11001329460033225
1245,엽총소년,52059,0.08439686956986149
1246,바른연애 길잡이,43185,0.06747057353706942
1247,하루만 네가 되고 싶어,84553,0.14637602928245397
1248,랜덤채팅의 그녀!,61797,0.10297116197095788
1249,사신소년,48090,0.07682638625296362
1250,헬58,63397,0.10602300709744732
1251,신도림,72948,0.12424061509938523
1252,중증외상센터 : 골든 아워,45728,0.07232109988498359
1253,호랑이 들어와요,67384,0.1136278236720182
1254,위아더좀비,45841,0.07253663644704189
1255,삼국지톡,67009,0.11291254747049724
1256,원주민 공포만화,79258,0.13627632931697797
1257,악인,95815,0.16785720416653155
1258,달콤살벌한 부부,44298,0.06959351330318364
1259,집이 없어,50681,0.08176846795467246
1260,빌런투킬,52796,0.08580262573125069
1261,태시트,46327,0.07346363440421307
1262,오피스 누나 이야기,54211,0.0885016012649898
1263,윌유메리미,75883,0.12983884350328928
1264,아이레,41575,0.06439965437853942
1265,견우와 선녀,65515,0.1100628870836377
1266,아이즈,39382,0.06021671915204482
1267,용왕님의 셰프가 되었습니다,55145,0.090283115857578
1268,하우스키퍼,56223,0.09233929651155028
1269,성인초딩,46545,0.07387944830269726
1270,"플레이, 플리",48665,0.07792314309529576
1271,올가미,56941,0.09370881201206241
1272,한강예찬,54649,0.08933704386836629
1273,3cm 헌터,67245,0.11336269462665442
1274,빅맨,59730,0.09902855954817431
1275,제로게임,61199,0.10183053485493244
1276,별종,82584,0.14262035237366788
1277,연우의 순정,44173,0.06935508790267665
1278,정년이,46355,0.07351704169392663
1279,오파츠,42820,0.06677437136758901
1280,숲속의 담,74368,0.12694912764914462
1281,빛빛빛,58392,0.09647645406114752
1282,열녀박씨 계약결혼뎐,55150,0.09029265287359829
1283,풋내기들,46915,0.07458518748819794
1284,조선홍보대행사 조대박,35026,0.051908070795177313
1285,은주의 방 2~3부,52579,0.08538871923597056
1286,자판귀,50721,0.0818447640828347
1287,완벽한 가족,63127,0.10550800823235222
1288,도를 아십니까,45917,0.07268159909055015
1289,나의 플랏메이트,55297,0.09057304114459451
1290,안식의 밤,71422,0.12132991780999593
1291,필살VS로맨스,58164,0.09604156613062277
1292,언메이크,42501,0.06616590974549519
1293,피로만땅,62993,0.10525241620300872
1294,장단에 맞춰줘!,61738,0.10285862518191857
1295,인문학적 감수성,48217,0.07706862645987872
1296,고수,67886,0.11458534008045425
1297,전지적 독자 시점,51936,0.08416225897576261
1298,급식아빠,60417,0.10033894554936072
1299,복학왕,63172,0.10559384137653473
1300,모죠의 일지,67605,0.11404935978011456
1301,격기3반,50912,0.08220907809480937
1302,튜토리얼 탑의 고인물,50687,0.0817799123738968
1303,캐슬,52758,0.08573014440949657
1304,세상은 돈과 권력,67124,0.11313189883896367
1305,노곤하개,131047,0.23505883385182907
1306,남주의 첫날밤을 가져버렸다,53567,0.0872732336015778
1307,하렘의 남자들,64169,0.10749552237097847
1308,여주실격!,54557,0.08916156277359313
1309,원수를 사랑하라,54540,0.08912913691912419
1310,연놈,40691,0.062713509946154
1311,일렉시드,54469,0.08899371129163622
1312,고삼무쌍,56367,0.09261396257293432
1313,닥터앤닥터 육아일기,50356,0.08114856191335429
1314,나쁜사람,60849,0.10116294373351287
1315,판타지 여동생!,53268,0.08670292004356508
1316,정순애 식당,41700,0.06463807977904641
1317,엔딩 후 서브남을 주웠다,48166,0.07697134889647186
1318,미래의 골동품 가게,76642,0.13128656253516774
1319,빌드업,91045,0.1587588908831849
1320,마른 가지에 바람처럼,64476,0.10808109515462364
1321,반귀,47575,0.07584407360287483
1322,마녀와 용의 신혼일기,71040,0.12060128978604658
1323,귀곡의 문,50033,0.08053247067844424
1324,각자의 디데이,48623,0.07784303216072541
1325,언덕 위의 제임스,90861,0.15840792869363862
1326,사상최강,58192,0.09609497342033634
1327,방탈출,42927,0.066978463510423
1328,아도나이,72609,0.12359400541321029
1329,범이올시다!,117823,0.20983533388139386
1330,로어 올림푸스,105368,0.1860786269748776
1331,새벽 두 시의 신데렐라,50019,0.08050576703358746
1332,이츠마인,58357,0.09640969494900556
1333,럭키언럭키,157181,0.28490690918662603
1334,더 트웰브,64351,0.10784266975411665
1335,말하는대로,44868,0.07068073312949551
1336,얼굴천재,64660,0.10843205734416991
1337,뱀은 꽃을 먹는가,104551,0.1845202785571639
1338,속보입니다,54218,0.08851495308741819
1339,당신의 향수,52203,0.08467153563124555
1340,인터셉트,53959,0.0880209356575677
1341,해귀,91035,0.15873981685114436
1342,스캔들,58110,0.09593856635760376
1343,노선도,90161,0.1570727464507995
1344,시효완성,44615,0.07019816011886935
1345,수상한 비밀상담부,53416,0.08698521571776535
1346,천도,56809,0.09345703478912704
1347,저승사자 출입금지,74242,0.12670879484543357
1348,평화선도부,46783,0.07433341026526255
1349,스몰,54011,0.08812012062417862
1350,기억흔적,52133,0.08453801740696164
1351,칼부림,55176,0.09034224535690374
1352,독립일기,57739,0.09523091976889902
1353,연애혁명,48898,0.0783675680418408
1354,더 복서,72512,0.12340898730241685
1355,기기괴괴,48729,0.07804521690035535
1356,이두나!,52968,0.08613069908234831
1357,화이트 블러드,64643,0.10839963148970097
1358,나노마신,69116,0.11693144602144302
1359,노답소녀,45116,0.07115376912410137
1360,정글쥬스,70327,0.1192413113015547
1361,하드캐리,45338,0.07157721263540177
1362,희망강림,42432,0.06603429892441533
1363,전자오락수호대,71752,0.12195936086733437
1364,무사만리행,61043,0.10153297995509972
1365,마계인섬,89443,0.15570323095028732
1366,꽃만 키우는데 너무강함,55327,0.09063026324071619
1367,당신의 과녁,49595,0.07969702807506775
1368,트롤트랩,54124,0.08833565718623693
1369,쿠베라,62535,0.10437882553555113
1370,신비,85644,0.14845700617807894
1371,던전 씹어먹는 아티팩트,64971,0.1090252597406313
1372,어차피 남편은!,51715,0.08374072286766626
1373,최강전설 강해효,51611,0.08354235293444445
1374,그 황제가 시곗바늘을 되돌린 사연,65879,0.11075718184991405
1375,선의의 경쟁,60217,0.09995746490854954
1376,달의 요람,67449,0.11375180488028182
1377,루커피쳐,72871,0.12409374505267294
1378,만물의 영장,54327,0.08872286003666029
1379,시월드 판타지,59281,0.09817213550955321
1380,자취방 신선들,53061,0.08630808758032552
1381,별을 삼킨 너에게,46463,0.07372304123996466
1382,롤랑롤랑,57472,0.09472164311341609
1383,오일머니,59522,0.0986318196817307
1384,로그아웃,48084,0.07681494183373928
1385,성스러운 아이돌,53295,0.08675441993007459
1386,겟라이프,56342,0.09256627749283293
1387,안개무덤,69008,0.11672544647540499
1388,셈하는 사이,44777,0.07050715943792642
1389,소녀180,47317,0.0753519635762284
1390,집사레인저,68106,0.11500496878534656
1391,유리와 유리와 유리,44653,0.07027064144062349
1392,미드나잇 체이서,52775,0.08576257026396553
1393,불릿 6미리,52145,0.08456090624541031
1394,스테어스,50754,0.08190770838856855
1395,카루나,47068,0.07487702017841849
1396,밤하늘에 구름운,51344,0.08303307627896153
1397,보물과 괴물의 도시,63371,0.10597341461414186
1398,바른탕진 프로젝트,73214,0.1247479843516641
1399,헬프미,57100,0.0940120891215073
1400,겟백,48973,0.07851062328214498
1401,악령주의보,40782,0.06288708363772309
1402,킬더킹,47782,0.0762389060661144
1403,외모지상주의,40222,0.061818937843451785
1404,갓 오브 하이스쿨,56393,0.09266355505623977
1405,데드퀸,47923,0.07650784991788628
1406,재혼 황후,122219,0.2182202783664236
1407,여성전용헬스장 진달래짐,69128,0.11695433485989169
1408,1초,70174,0.11894947861133416
1409,개를 낳았다,42902,0.0669307784303216
1410,똑똑한 나 인증,46090,0.07301157984485182
1411,사람의 조각,67326,0.11351719428618294
1412,환상의 용,107876,0.19086239421064977
1413,스포,58353,0.09640206533618934
1414,더 게이머,53830,0.08777488064424449
1415,세기말 풋사과 보습학원,42782,0.06670189004583489
1416,낙향문사전,49561,0.07963217636612985
1417,히어로 킬러,57905,0.0955475487007723
1418,살人스타그램,83499,0.14436562630537908
1419,뫼신 사냥꾼,58257,0.09621895462859997
1420,걸어서 30분,34463,0.050834202791293845
1421,플레이어,46864,0.07448790992479108
1422,난약,55641,0.09122918784678974
1423,상남자,37469,0.05656785682268589
1424,복학생 정순이,44430,0.06984529052611901
1425,A.I. 닥터,44405,0.06979760544601762
1426,그 기사가 레이디로 사는 법,62019,0.10339460548225828
1427,구남친이 내게 반했다,61812,0.1029997730190187
1428,고래별,81530,0.140609949396593
1429,성경의 역사,55808,0.09154772418186707
1430,가슴털 로망스,73353,0.12501311339702786
1431,감자마을,81249,0.14007396909625325
1432,금혼령-조선혼인금지령,56828,0.09349327545000409
1433,소심한 팔레트,49084,0.07872234503779518
1434,빨리감기,46026,0.07288950603979223
1435,닥터 프로스트 시즌 3~4,47458,0.07562090742800029
1436,피와 나비,64169,0.10749552237097847
1437,후덜덜덜 남극전자,52737,0.08569008894221139
1438,도롱이,58911,0.09746639632405253
1439,방과후 선녀,45482,0.07185187869678583
1440,꽃 피우는 남자,48196,0.07702857099259354
1441,몽홀,74036,0.12631586978539805
1442,감히,47531,0.07576014786189637
1443,도무지 그애는,59616,0.09881111558291195
1444,백년게임,61572,0.10254199625004529
1445,구독금지,53585,0.0873075668592508
1446,진짜 정말 맹세코 좋아해,50135,0.08072702580525794
1447,트럼프,51905,0.08410312947643689
1448,나쁜 쪽으로,77404,0.13274000377665834
1449,버그: 스티그마,83902,0.14513430979661357
1450,히트포인트,66378,0.11170897604873796
1451,스윗솔티,53274,0.08671436446278942
1452,강림전기 개정기,53683,0.08749449237324829
1453,구주의 시간,53066,0.08631762459634579
1454,매지컬 메디컬,46497,0.07378789294890256
1455,프리드로우,65522,0.1100762389060661
1456,호랑이형님,116746,0.20778106063062562
1457,취사병 전설이 되다,48021,0.07669477543188376
1458,욕망일기,47216,0.07515931585261876
1459,초인의 시대,58322,0.09634293583686361
1460,광장,56946,0.09371834902808268
1461,힙한남자,45915,0.07267778428414204
1462,스터디그룹,45847,0.07254808086626623
1463,지옥급식,53050,0.0862871061450809
1464,청춘 블라썸,44839,0.07062541843657788
1465,민간인 통제구역,65400,0.10984353571517129
1466,아홉수 우리들,48272,0.0771735336361018
1467,토끼대왕,59214,0.09804433949488148
1468,나이트런,88645,0.15418112319345073
1469,율리,83856,0.145046569249227
1470,나를 바꿔줘,54342,0.08875147108472112
1471,어글리후드,58730,0.09712115634411841
1472,갓핑크,71278,0.12105525174861188
1473,탑코너,55923,0.0917670755503335
1474,피라미드 게임,66556,0.11204849381905992
1475,두번째 생일,53386,0.08692799362164368
1476,동트는 로맨스,54994,0.08999509797376556
1477,왕년엔 용사님,53716,0.08755743667898212
1478,단편.zip,82299,0.142076742460512
1479,군주,44557,0.07008753073303411
1480,틴맘,42784,0.066705704852243
1481,남자주인공의 여자사람친구입니다,53227,0.08662471651219879
1482,홍시는 날 좋아해!,64716,0.10853887192359704
1483,광해의 연인,62262,0.10385810446084387
1484,먹이,60329,0.10017109406740381
1485,태백 : 튜토리얼 맨,66425,0.11179862399932859
1486,웰캄투실버라이프,38664,0.05884720365153269
1487,좋은데 어떡해,52186,0.08463910977677659
1488,내게 필요한 NO맨스,55968,0.09185290869451601
1489,왕세자 입학도,39915,0.061233365059806616
1490,"저무는 해, 시린 눈",104771,0.18493990726205622
1491,동네몬스터,49949,0.08037224880930355
1492,압락사스,45549,0.07197967471145757
1493,팔려 온 신부,60285,0.10008716832642535
1494,모두 너였다,42096,0.06539341144785255
1495,아테나 컴플렉스,47321,0.07535959318904463
1496,오늘부터 천생연분,53997,0.08809341697932184
1497,피노키오 소녀,50646,0.0817017088425305
1498,후아유!,49751,0.07999458297490047
1499,도사 가온,59125,0.0978745806097205
1500,손 잡아 볼래?,53805,0.0877271955641431
1501,"안녕, 이바다씨",50395,0.08122295063831247
1502,친구의 비밀계정,57507,0.09478840222555805
1503,언플래시레슨,73319,0.12494826168808996
1504,꼬리 있는 연애,68372,0.11551233803762544
1505,아침을 지나 밤으로,52805,0.0858197923600872
1506,인간졸업,63411,0.1060497107423041
1507,커피도둑,77247,0.13244054147362155
1508,누군가의 로섬,58620,0.09691134199167227
1509,함부로 대해줘,45490,0.07186713792241828
1510,먹지마세요,48313,0.07725173716746808
1511,어른의 계절,49057,0.07867084515128568
1512,싸움독학,52732,0.08568055192619112
1513,약한영웅,60897,0.10125449908730756
1514,열렙전사,129581,0.23226258075468315
1515,이번 생도 잘 부탁해,56805,0.09344940517631081
1516,입학용병,59946,0.09944055864025039
1517,테러대부활,63502,0.10622328443387317
1518,맘마미안,48631,0.07785829138635786
1519,도망자,44362,0.06971558710824322
1520,소녀재판,46506,0.07380505957773907
1521,천하제일인,53577,0.08729230763361835
1522,나만 보여!,68306,0.11538644942615774
1523,"곱게 키웠더니, 짐승",65686,0.11038905303153128
1524,오로지 너를 이기고 싶어,45176,0.07126821331634473
1525,사람은 고쳐 쓰는 게 아니야!,89852,0.1564833588607462
1526,경비 배두만,85098,0.14741556402866446
1527,살아남은 로맨스,95414,0.1670923354817051
1528,행성인간,35586,0.05297621658944862
1529,합격시켜주세용,48581,0.07776292122615507
1530,마법스크롤 상인 지오,61538,0.10247714454110739
1531,인어를 위한 수영교실,48300,0.07722694092581536
1532,구름이 피워낸 꽃,99377,0.17465137437937867
1533,가비지타임,52540,0.08531433051101238
1534,별이삼샵,53995,0.08808960217291373
1535,AI가 세상을 지배한다면,247850,0.4578492502951706
1536,다이스(DICE),116641,0.20758078329419977
1537,벚꽃이 흩날릴 무렵,69054,0.11681318702279155
1538,판사 이한영,58405,0.09650125030280025
1539,강남도깨비,85056,0.14733545309409407
1540,내일,46630,0.074041577575042
1541,조선여우스캔들,56948,0.0937221638344908
1542,학교정벌,367161,0.6854234339742844
1543,평행도시,55733,0.09140466894156288
1544,결혼까지 망상했어!,60566,0.10062314862676505
1545,아르세니아의 마법사,56892,0.09361534925506367
1546,라일락 200%,59007,0.09764950703164191
1547,데빌샷,55416,0.09080002212587716
1548,불발소년,47360,0.07543398191400282
1549,오른눈이 보는 세계,44374,0.06973847594669189
1550,두근두근 연극부,67290,0.11344852777083693
1551,잉여특공대,56729,0.09330444253280255
1552,오늘 밤만 재워줘,55636,0.09121965083076945
1553,"라커, 오프너",73812,0.12588861146768954
1554,신이 담긴 아이,102824,0.18122619322375938
1555,소녀 해미,50577,0.08157009802145065
1556,마도,50563,0.08154339437659387
1557,여름은 뜨겁다,56426,0.09272649936197362
1558,위험한 신입사원,45172,0.0712605837035285
1559,데이즈,82433,0.14233233448985544
1560,스트러글,59640,0.09885689325980929
1561,죽여주는 탐정님,51017,0.08240935543123525
1562,샤인 스타,51818,0.08393718539768402
1563,호시탐탐,68193,0.11517091286409943
1564,캡틴 비앙카,183464,0.3350391875988273
1565,리안소울의 엑소클럽,78551,0.13492779525171045
1566,냐한남자,58146,0.09600723287294977
1567,신상 미스터리 극장,75966,0.12999715796922595
1568,그놈은 흑염룡,42626,0.06640433514600218
1569,공방의 마녀,70153,0.118909423144049
1570,얌전한 사이,47355,0.07542444489798253
1571,셧업앤댄스,50788,0.08197256009750645
1572,Here U Are,48150,0.07694083044520697
1573,오늘도 사랑하세요,68060,0.11491722823795998
1574,저세상 클라스!,88960,0.15478195520272836
1575,모럴센스,53971,0.08804382449601637
1576,지구멸망버튼,46738,0.07424757712108004
1577,간 떨어지는 동거,38789,0.05908562905203968
1578,손아귀,73843,0.12594774096701528
1579,그날 죽은 나는,55038,0.09007902371474402
1580,블루투스,55288,0.090555874515758
1581,관계의 종말,46746,0.07426283634671249
1582,지랄발광,53889,0.0878874174332838
1583,신의 언어,63606,0.106421654367095
1584,후기,59537,0.09866043072979153
1585,9등급 뒤집기,45970,0.0727826914603651
1586,FM보이,47704,0.07609012861619804
1587,비스타,50010,0.08048860040475095
1588,남다른 신부름,47005,0.07475685377656296
1589,미스테리오소,54684,0.08940380298050823
1590,아이고 아이고,38711,0.05893685160212332
1591,너에게만 보이는,48071,0.07679014559208656
1592,이것도 친구라고,56648,0.09314994287327404
1593,모락모락 왕세자님,45958,0.07275980262191643
1594,비질란테,42242,0.0656718923156447
1595,합법해적 파르페,39917,0.06123717986621473
1596,우리는 요정!,53455,0.08705960444272354
1597,온새미로,48013,0.07667951620625131
1598,너에게 나를 던진다,54352,0.08877054511676168
1599,우리는 여기!,42499,0.06616209493908708
1600,4층복도끝천국,64451,0.10803341007452223
1601,무주의 맹시,63273,0.10578648910014438
1602,공유몽,61758,0.10289677324599969
1603,병의 기록,78411,0.1346607588031426
1604,깁스맨,46088,0.07300776503844371
1605,날 가져요,50266,0.08097689562498926
1606,체크포인트,79472,0.13668451360264594
1607,사냥개들,62526,0.10436165890671462
1608,옆집친구,125566,0.2246043568903987
1609,스크립토리움,63727,0.10665245015478576
1610,나의 우주,48921,0.07841143831553407
1611,우리 사장님은 개,50154,0.080763266466135
1612,헬 인 파라다이스,46433,0.07366581914384299
1613,차가운 장례식,50499,0.08142132057153428
1614,열불 로맨스,82982,0.14337949884888213
1615,나의 첫번째 새벽,46187,0.07319659795564523
1616,갓물주,48183,0.07700377475094082
1617,죽어도 로맨스,50458,0.081343117040168
1618,극야,80773,0.1391660451711227
1619,선녀야 야옹해봐!,51364,0.08307122434304265
1620,커넥트,74445,0.12709599769585694
1621,연하의 맛,52975,0.0861440509047767
1622,인생존망,51552,0.08342981614540515
1623,일진이 사나워,68886,0.11649274328451016
1624,너의 미소가 함정,54261,0.08859697142519259
1625,봉이 김선달,44400,0.06978806842999734
1626,잭슨의 관,68456,0.11567255990676613
1627,인싸라이프,56421,0.09271696234595334
1628,에리타,52906,0.08601244008369685
1629,꼬맹이를 부탁해!,47384,0.07547975959090016
1630,무모협지,44079,0.0691757920014954
1631,레사 시즌2~3,49177,0.07889973353577238
1632,하늘아래 우체부,87427,0.15185790609091065
1633,라라파루자,43074,0.06725885178141922
1634,괴물신부,61625,0.10264308861986025
1635,언데드,119862,0.21372452901446382
1636,화장 지워주는 남자,59238,0.09809011717177882
1637,악마와 계약연애,53726,0.08757651071102268
1638,땅 보고 걷는 아이,61185,0.10180383121007566
1639,사이드킥 2~3,59096,0.09781926591680287
1640,물레,43468,0.06801036864381724
1641,유비님께 투자하겠어,54690,0.08941524739973257
1642,유미의 세포들,99807,0.1754715577571227
1643,현혹,43176,0.06745340690823291
1644,2020 호랑 공포 단편선,55798,0.09152865014982652
1645,이웃집의 훈훈한 스토커군,44451,0.0698853459934042
1646,회춘,53870,0.08785117677240674
1647,헌팅,45029,0.07098782504534851
1648,반중력소녀,52691,0.08560234839482482
1649,물고기가 보이는 남자,71253,0.12100756666851047
1650,결백한 사람은 없다,47339,0.07539392644671764
1651,링크보이,38714,0.05894257381173548
1652,사우러스,41755,0.06474298695526948
1653,미스터 해녀,47089,0.07491707564570366
1654,그녀는 무사다,61461,0.10233027449439508
1655,세상과 하늘 사이,71324,0.12114299229599844
1656,선녀님은 휴가중,69049,0.11680365000677127
1657,노력의 결과,60905,0.10126975831294001
1658,운수 오진 날,93854,0.1641167864833779
1659,그녀의 버킷리스트,36490,0.05470050908591516
1660,헬퍼 2 : 킬베로스,110305,0.19549547659330158
1661,형의 그녀,55418,0.09080383693228528
1662,나랑 살래?,54860,0.08973950594442208
1663,가난을 등에 업은 소녀,49729,0.07995262010441125
1664,오컬트,48168,0.07697516370287998
1665,교환일기,55678,0.0912997617653398
1666,8월의 눈보라,51808,0.08391811136564346
1667,웅이는 배고파,162854,0.29572760756323513
1668,데드라이프,92935,0.16236388293885057
1669,거미,96655,0.16945942285793852
1670,개미,50330,0.08109896943004884
1671,가타부타타,38817,0.05913903634175324
1672,어쩔꼰대,64810,0.1087181678247783
1673,갑자기 커피,64706,0.10851979789155648
1674,가담항설,38842,0.05918672142185463
1675,떨림,60080,0.09969615066959389
1676,중독연구소,61532,0.10246570012188305
1677,헬로도사,54493,0.08903948896853356
1678,오버더문,60017,0.09957598426773837
1679,패밀리 사이즈,61766,0.10291203247163214
1680,비스트사인,44514,0.07000551239525972
1681,가족의 초상,75741,0.1295679922483134
1682,위대한 방옥숙,63055,0.1053706752016602
1683,닥터 하운드,80723,0.13907067501091985
1684,2020 최애캐의 MBTI,89226,0.1552893244550072
1685,열등의 조건,65744,0.1104996824173665
1686,야자괴담,63353,0.10593908135646886
1687,지옥,60130,0.09979152082979668
1688,신선비,65040,0.10915687056171115
1689,공포단편선X,132764,0.23833384515319306
1690,데빌카운터,56038,0.09198642691879994
1691,보글보글,62787,0.10485949114297322
1692,빨강,57861,0.09546362295979384
1693,만찢남녀,45235,0.07138075010538401
1694,친애하는 X,51862,0.08402111113866248
1695,11me,53892,0.08789313964289597
1696,천사가 아니야,63082,0.1054221750881697
1697,POGO 공포단편선 - 혼집,76226,0.1304930828022805
1698,문래빗,53914,0.0879351025133852
1699,꽃 피는 날,152571,0.2761137804159283
1700,우주최강대스타,87560,0.15211159071705005
1701,법대로 사랑하라,44979,0.07089245488514571
1702,어글리 피플즈,56955,0.09373551565691919
1703,모범택시,86704,0.15047885357437824
1704,세대전쟁,62795,0.10487475036860566
1705,호야,51544,0.0834145569197727
1706,갓도령스,67997,0.11479706183610446
1707,텃밭부 사건일지,50167,0.08078806270778773
1708,피와 살,49755,0.0800022125877167
1709,파리대왕,61806,0.10298832859979437
1710,영광의 교실,45915,0.07267778428414204
1711,골든 체인지,73043,0.12442181840377055
1712,특수 영능력 수사반,55935,0.09178996438878217
1713,이모네 집에 갔는데 이모는 없고,47995,0.0766451829485783
1714,로딩,56248,0.09238698159165167
1715,니편내편,44235,0.06947334690132811
1716,낢이 사는 이야기,44917,0.07077419588649424
1717,귀신이지만 사랑하고 싶어,47264,0.07525087120641344
1718,좋아하게 해줘,52203,0.08467153563124555
1719,체인지,61685,0.1027575328121036
1720,너에게 하고 싶은 말,56411,0.09269788831391278
1721,요괴대전,45506,0.07189765637368317
1722,유령극단,67673,0.11417906319799036
1723,하루,57950,0.09563338184495482
1724,김왕짱,67011,0.11291636227690534
1725,킬링타임,53638,0.08740865922906577
1726,개미잡이,62038,0.10343084614313534
1727,닭강정,66527,0.11199317912614228
1728,머리카락을 뽑으면,47192,0.07511353817572142
1729,그 판타지 세계에서 사는 법,54660,0.0893580253036109
1730,어쩐지 수상하더라,61549,0.10249812597635201
1731,마음의소리,57904,0.09554564129756825
1732,귀전구담,54558,0.0891634701767972
1733,하르모니아,62658,0.10461343612965
1734,"안녕, 나는 너를 좋아해",61225,0.1018801273382379
1735,레이디악숀,44699,0.07035838198801006
1736,그래서 나는 안티팬과 결혼했다,47372,0.07545687075245149
1737,에이머,67583,0.11400739690962532
1738,속삭이는 e로맨스,50106,0.08067171111234032
1739,마음의 숙제,49270,0.07907712203374959
1740,이제 곧 죽습니다,74378,0.12696820168118517
1741,방 안의 코끼리,91096,0.15885616844659173
1742,밀웜,61703,0.10279186606977661
1743,빙탕후루,88557,0.15401327171149382
1744,뚝배기 깨러 왔습니다,43858,0.06875425589339905
1745,최후의 만찬,43475,0.06802372046624564
1746,102030,51661,0.08363772309464725
1747,진정친구,44167,0.06934364348345232
1748,살의,44835,0.07061778882376166
1749,우리 안의 주,47612,0.0759146475214249
1750,검은인간,72386,0.1231686544987058
1751,호러전파상,70616,0.11979255082752686
1752,여고전설,69479,0.1176238333845153
1753,오라존미,59530,0.09864707890736314
1754,열정호구,45502,0.07189002676086695
1755,사소한 냐냐,63972,0.10711976393977946
1756,[드라마원작] 스위트홈,66923,0.11274851079494842
1757,오빠야 누나야,47127,0.0749895569674578
1758,신의한수,49603,0.0797122873007002
1759,조선방랑야사,56458,0.09278753626450341
1760,좀비소녀,58058,0.09583938139099285
1761,환생소녀,52325,0.08490423882214036
1762,방정사,62246,0.10382758600957896
1763,데이빗,74940,0.1280401622818646
1764,푸른사막 아아루,46225,0.07326907927739937
1765,신의 탑,41154,0.06359663762963189
1766,갓!김치,47597,0.07588603647336406
1767,좀비딸,38916,0.05932786925895478
1768,203호 저승사자,48755,0.0780948093836608
1769,돼지우리,55885,0.09169459422857938
1770,Yes my boss(예스마이보스),55726,0.0913913171191345
1771,플라워(FLOWAR),63894,0.1069709864898631
1772,한스와 에밀리,57578,0.09492382785304601
1773,태릉좀비촌,44478,0.06993684587991371
1774,토니와 함께,56401,0.09267881428187222
1775,영월동 534번지,48463,0.07753784764807647
1776,고인의 명복,63663,0.10653037634972617
1777,루시퍼의 경호원,45969,0.07278078405716105
1778,악취,62158,0.10365973452762205
1779,금붕어,58552,0.09678163857379647
1780,냄새를 보는 소녀,67014,0.11292208448651751
1781,언럭키 맨션,46733,0.07423804010505976
1782,창공의 타이양사무소,71945,0.12232748968571718
1783,견원지간 로맨스,47550,0.07579638852277343
1784,악마에게 은총을,51289,0.08292816910273845
1785,텍사스홀덤,49952,0.08037797101891571
1786,테러맨,63490,0.1062003955954245
1787,같은도장,36211,0.05416834359198357
1788,호곡,56973,0.0937698489145922
1789,호랭총각,57879,0.09549795621746685
1790,대표님이 구독하셨습니다,52744,0.08570344076463979
1791,타인의 로맨스,49360,0.07924878832211461
1792,두근두근 마감 중,69718,0.11807970275028466
1793,자취로운 생활,72593,0.1235634869619454
1794,아이키우는만화,47589,0.07587077724773161
1795,블랙엔젤,48019,0.07669096062547565
1796,블러드레인,66967,0.11283243653592688
1797,스퍼맨: 현자단의 역습,64905,0.1088993711291636
1798,2인용 인간,49188,0.078920714971017
1799,신을 죽이는 방법,45700,0.07226769259527001
1800,마루한 - 구현동화전,48729,0.07804521690035535
1801,구원자,54019,0.08813537984981107
1802,스퍼맨 시즌2,62568,0.10444176984128496
1803,수평선,59732,0.09903237435458243
1804,점핑오버,40430,0.06221567770989542
1805,씬커,67930,0.1146692658214327
1806,또한번 엔딩,68386,0.1155390416824822
1807,"열렬하게, 단하나",45432,0.07175650853658304
1808,이계 무슨 황비,101613,0.17891632794364765
1809,모퉁이 뜨개방,39967,0.061332550026417534
1810,어서와,46615,0.07401296652698117
1811,다함께 이겨내요,66795,0.11250436318482927
1812,동토의 여명,88361,0.15363942068349884
1813,꽃미남 저승사자,64115,0.10739252259795945
1814,아르마,57134,0.0940769408304452
1815,용이산다,62184,0.1037093270109275
1816,로베스의 완전감각,61527,0.10245616310586278
1817,마왕이 되는 중2야,55854,0.09163546472925364
1818,우리 오빠는 아이돌,45964,0.07277124704114077
1819,소녀 연대기,50844,0.08207937467693358
1820,용비불패 완전판,57148,0.09410364447530198
1821,내 어린고양이와 늙은개,41908,0.06503481964549003
1822,참새는 새!신부,45314,0.07153143495850443
1823,플랫다이어리,44396,0.06978043881718111
1824,Doll 체인지,55332,0.09063980025673646
1825,가령의 정체불명 이야기,42305,0.06579205871750023
1826,내 여자친구는 상남자,46621,0.0740244109462055
1827,귀인,79929,0.13755619686689946
1828,헬프탑,63808,0.10680694981431428
1829,금요일 베스트,70160,0.11892277496647737
1830,라스트 서브미션,42640,0.06643103879085896
1831,5kg을 위하여,61114,0.10166840558258769
1832,옆반의 인어,43065,0.0672416851525827
1833,꿀벌과 아카시아,67246,0.11336460202985847
1834,머니게임,66980,0.1128572327775796
1835,부로콜리왕자,43481,0.06803516488546997
1836,백귀야행지,56180,0.09225727817377587
1837,개장수,69813,0.11826090605466998
1838,덴마,54544,0.08913676653194041
1839,부활남,59684,0.09894081900078774
1840,신석기녀,79496,0.13673029127954328
1841,냥하무인,52611,0.08544975613850035
1842,MZ-레이징 인페르노,67083,0.11305369530759736
1843,치즈인더트랩,67556,0.1139558970231158
1844,쎈놈,52215,0.08469442446969422
1845,퓨리스틱,64583,0.1082851872974576
1846,살인자o난감,94958,0.16622255962065563
1847,킬러분식,53282,0.08672962368842187
1848,2019 루키 단편선-지옥캠프,65725,0.11046344175648946
1849,늑대와 빨간모자,51961,0.08420994405586402
1850,타인은 지옥이다,58622,0.09691515679808038
1851,츄억보정,48121,0.07688551575228936
1852,그랜드 배틀 토너먼트,71063,0.12064516005973987
1853,수능일기,56220,0.0923335743019381
1854,위장불륜 (僞裝不倫),43170,0.06744196248900858
1855,숨:킬더바디,51932,0.08415462936294639
1856,돼지만화,50212,0.08087389585197025
1857,푸들과 Dog거중,46911,0.07457755787538171
1858,한남동 케이하우스,66976,0.11284960316476338
1859,썸머 브리즈,53051,0.08628901354828494
1860,가우스전자 시즌3~4,53756,0.08763373280714436
1861,신시의 손님,42139,0.06547542978562695
1862,성공한 덕후,102401,0.1804193616684437
1863,"안녕, 대학생",52853,0.08591134771388188
1864,메이크 업 드림 - Make Up Dream,38095,0.057761891228424886
1865,10월 27일,47670,0.07602527690726014
1866,호러와 로맨스,52076,0.08442929542433045
1867,좋아하는 부분,52304,0.0848641833548552
1868,천리마 네버다이,38534,0.058599241235005414
1869,신암행어사,70862,0.12026177201572462
1870,식스틴,42238,0.06566426270282848
1871,2019 귀신사용설명서 - 괴담의 재구성,55156,0.09030409729282263
1872,여기가 씨름부입니까?,61509,0.10242182984818977
1873,타인지옥 - 연쇄살묘사건,56082,0.09207035265977839
1874,소유,67897,0.11460632151569887
1875,둥굴레차!,95353,0.16697598388625773
1876,허니허니 웨딩,61134,0.1017065536466688
1877,12차원 소년들,54735,0.08950108054391509
1878,연애의 정령,52635,0.08549553381539769
1879,몽연,73522,0.1253354645385133
1880,허니버니,40111,0.06160721608780158
1881,하늘쌤은 피곤해,99453,0.17479633702288694
1882,밥 먹고 갈래요?,54456,0.08896891504998349
1883,창궐,54529,0.08910815548387957
1884,조선팔도 최강아이돌,52526,0.0852876268661556
1885,하나의 하루,54407,0.08887545229298476
1886,클로즈업,40401,0.06216036301697779
1887,언원티드,43887,0.06880957058631666
1888,알고있지만,45582,0.07204261901719142
1889,오직 나의 주인님,45221,0.07135404646052723
1890,데우스 엑스 마키나,106175,0.18761790136055068
1891,한국만화 또 다른 시선,37653,0.05691881901223217
1892,고교생을 환불해 주세요,48066,0.07678060857606628
1893,미시령,72171,0.12275856280983378
1894,조의 영역,42895,0.06691742660789321
1895,왕으로 살다,48458,0.07752831063205619
1896,파리의 우리동네,65811,0.11062747843203825
1897,첫사랑입니다만,50468,0.08136219107220856
1898,공복의 저녁식사,57007,0.0938347006235301
1899,놓지마 정신줄 시즌2,117699,0.2095988158840909
1900,알파,49707,0.07991065723392202
1901,나는 남 너는 녀,55070,0.09014006061727381
1902,꼬리,57572,0.09491238343382168
1903,오늘도 사랑스럽개,54104,0.08829750912215581
1904,결계녀,59453,0.09850020886065083
1905,파도를 찾아라!,50826,0.08204504141926057
1906,사라지다,62862,0.1050025463832774
1907,구구까까,50927,0.08223768914287022
1908,수학 잘하는 법,56651,0.0931556650828862
1909,화양연화 Pt.0 ＜SAVE ME＞,45802,0.07246224772208372
1910,캉타우,58813,0.09727947081005506
1911,에이틴,48145,0.0769312934291867
1912,대학일기,67688,0.11420767424605117
1913,35cm,44167,0.06934364348345232
1914,찬란하지 않아도 괜찮아,55683,0.09130929878136008
1915,강변살다,60785,0.10104086992845329
1916,비둘기가 물고 온 남자,60949,0.10135368405391847
1917,이상하고 아름다운,61821,0.10301693964785522
1918,2019 병영일기,43390,0.06786159119390088
1919,홍차리브레,73092,0.12451528116076928
1920,귀각시,62396,0.10411369649018735
1921,방백남녀,49274,0.07908475164656581
1922,와장창창! 자취맨,39827,0.0610655135778497
1923,아메리카노 엑소더스,56109,0.0921218525462879
1924,암흑도시,54806,0.08963650617140306
1925,병의 맛,46306,0.07342357893692789
1926,혈투,59193,0.0980042840275963
1927,환상적인 소년,68723,0.11618183656224905
1928,2D남친 별책부록,42917,0.06695938947838244
1929,엔드리스,60157,0.09984302071630619
1930,신과함께,156619,0.2838349485859466
1931,황금의 핸드메이커,43060,0.06723214813656243
1932,노블레스,61730,0.10284336595628613
1933,열대어,54136,0.0883585460246856
1934,펀브로커,53072,0.08632906901557012
1935,완벽하지 않은 키스,47813,0.07629803556544014
1936,나노리스트,59732,0.09903237435458243
1937,반투명인간,44355,0.06970223528581483
1938,나의 짝사랑 고백법,52251,0.08476309098504023
1939,불괴,56866,0.09356575677175821
1940,2018 루키 단편선-지옥캠프,76724,0.1314429695979003
1941,하이브 3,60518,0.10053159327297037
1942,조선왕조실톡,60454,0.1004095194679108
1943,파우스트 인 러브,38569,0.058666000347147376
1944,일진에게 회초리,47582,0.07585742542530322
1945,귀도호가록,66739,0.11239754860540214
1946,연의 편지,66751,0.11242043744385082
1947,마이너스의 손,40609,0.06255710288342142
1948,만 화 고,67898,0.11460822891890292
1949,간질간질,49179,0.0789035483421805
1950,1인용 기분,51743,0.08379413015737983
1951,피에는 피,63395,0.1060191922910392
1952,에피소드칵테일,54961,0.08993215366803173
1953,서북의 저승사자,50393,0.08121913583190436
1954,진눈깨비 소년,68283,0.11534257915246444
1955,야채호빵의 봄방학,57919,0.09557425234562908
1956,죽음에 관하여,52479,0.08519797891556498
1957,모태솔로수용소 시즌2~3,64900,0.10888983411314333
1958,2018 재생금지,65010,0.10909964846558948
1959,스피릿 핑거스,92614,0.1617516065103486
1960,ㄹㅇ 관종,71978,0.12239043399145101
1961,이말년씨리즈 2018,250074,0.46209131502099093
1962,퍼스트 미션,54128,0.08834328679905315
1963,하루 3컷,58245,0.0961960657901513
1964,환생동물학교,51090,0.08254859586513133
1965,감염자,60398,0.10030270488848367
1966,지금 이 순간 마법처럼,66320,0.1115983466629027
1967,고류 진,46080,0.07299250581281126
1968,연애학,40261,0.06189332656840997
1969,공대생 너무만화,40379,0.06211840014648856
1970,내 ID는 강남미인! - 둘만의 시간,63305,0.10584752600267416
1971,아기낳는만화,69887,0.11840205389177012
1972,심연의 하늘 시즌5,65106,0.10928275917317885
1973,쌉니다 천리마마트,39759,0.0609358101599739
1974,팀 피닉스,59053,0.09773724757902848
1975,뱀이 앉은 자리,69838,0.11830859113477137
1976,금수저,44235,0.06947334690132811
1977,여중생A-우리들의 축제,51215,0.08278702126563832
1978,마스크걸,57712,0.09517941988238951
1979,10월 28일,47948,0.07655553499798769
1980,Penguin loves Mev,50785,0.08196683788789427
1981,한국만화 1990,45712,0.07229058143371868
1982,첩보의 별 시즌2,60497,0.10049153780568519
1983,우리집에 곰이 이사왔다,46937,0.07462715035868717
1984,미스터리 호러 지하철,56104,0.09211231553026762
1985,오!주예수여,48361,0.07734329252126276
1986,기로,80803,0.13922326726724432
1987,탈(TAL),51512,0.08335352001724292
1988,네버랜 연대기,47858,0.07638386870962265
1989,이별만화 완성도,70408,0.11939581096108325
1990,갸오오와 사랑꾼들,61109,0.1016588685665674
1991,한번 더 해요,51425,0.08318757593849005
1992,계룡선녀전,39557,0.060550514712754605
1993,그들에게 사면초가,54795,0.08961552473615844
1994,선천적 얼간이들,167572,0.3047267358799709
1995,마술사,74898,0.1279600513472942
1996,돌아온 럭키짱,66391,0.11173377229039068
1997,MZ-퓨어 이블,48739,0.0780642909323959
1998,아일랜드 2부,67728,0.11428397037421344
1999,인간의 숲,84983,0.147196212660198
2000,슈퍼 시크릿,48044,0.07673864570557705
2001,구름의 이동속도,54876,0.08977002439568697
2002,조선좀비실록,58642,0.0969533048621615
2003,목욕의 신,133323,0.2394000835442603
2004,마주쳤다,56060,0.09202838978928916
2005,내 ID는 강남미인!,56739,0.09332351656484311
2006,2017 루키 단편선-지옥캠프,53283,0.08673153109162592
2007,동네변호사 조들호 시즌2,53661,0.08745252950275904
2008,오늘부터 주군,41787,0.06480402385779926
2009,오늘도 핸드메이드!,57281,0.09435732910144141
2010,DEY 호러채널,72138,0.12269561850409995
2011,파도의 주인,46860,0.07448028031197486
2012,데모니악,64434,0.10800098422005328
2013,달콤한 인생_스페셜 에피소드,64759,0.10862089026137145
2014,천국의 신화 6부,60637,0.10075857425425302
2015,공감.jpg,63212,0.10567013750469698
2016,야부리맨,43771,0.06858831181464618
2017,킬러 김빵빵,57636,0.09503445723888126
2018,차원이 다른 만화,41628,0.06450074674835438
2019,2017 멋진 신세계,72854,0.12406131919820397
2020,당신만 몰라!,47205,0.07513833441737415
2021,군인RPG,70504,0.11957892166867261
2022,문유,91878,0.16034775775216348
2023,웃지 않는 코믹반 시즌3,61386,0.1021872192540909
2024,이런 영웅은 싫어,45615,0.07210556332292527
2025,생활의참견,46929,0.07461189113305472
2026,송곳 4~5부,41118,0.06352797111428587
2027,낮에 뜨는 달,44338,0.06966980943134587
2028,달수 이야기,84295,0.14588391925580757
2029,오늘도 형제는 평화롭다,53082,0.08634814304761068
2030,절벽귀,90178,0.15710517230526844
2031,시노딕,63187,0.10562245242459557
2032,녹두전,89696,0.15618580396091347
2033,열일곱,61661,0.10271175513520626
2034,잡다한컷,46730,0.0742323178954476
2035,나는 귀머거리다,41088,0.0634707490181642
2036,미라클! 용사님,138294,0.2488817848716222
2037,여중생A,50296,0.08103411772111094
2038,부부생활,94549,0.1654424317101968
2039,완벽한 허니문,47667,0.07601955469764797
2040,우리들은 푸르다,63423,0.10607259958075277
2041,원티드,67721,0.11427061855178504
2042,오즈랜드,39258,0.0599802011547419
2043,"이기자, 그린",53788,0.08769476970967414
2044,컨트롤제트,50876,0.08214041157946336
2045,블랙수트,55689,0.09132074320058442
2046,바로잡는 순애보,51758,0.08382274120544067
2047,언터처블,63272,0.10578458169694033
2048,참치와 돌고래,61299,0.10202127517533803
2049,2017 사이다를 부탁해!,134800,0.24221731807665087
2050,투명한 동거,48088,0.07682257144655551
2051,찌질의 역사,51078,0.08252570702668266
2052,원 뿔러스 원,56192,0.09228016701222454
2053,MZ,46610,0.07400342951096088
2054,숲 속의 미마,63023,0.1053096382991304
2055,인챈트-나람이야기,81990,0.14148735487045871
2056,윈터우즈,56465,0.0928008880869318
2057,대작,36967,0.05561034041424982
2058,하나(HANA),42880,0.06688881555983237
2059,스퍼맨 시즌1,73707,0.12568833413126368
2060,2016 루키 단편선-지옥캠프,49610,0.07972563912312859
2061,악의는 없다,53388,0.08693180842805179
2062,우바우,60029,0.09959887310618704
2063,심연의 하늘 시즌4,57743,0.09523854938171525
2064,매지컬 고삼즈,53100,0.08638247630528369
2065,한국만화거장전 : 만화보물섬,47853,0.07637433169360237
2066,레코닝,52916,0.08603151411573741
2067,만렙소녀 오오라,43298,0.06768611009912774
2068,3P,69684,0.11801485104134678
2069,폰령,59236,0.0980863023653707
2070,소녀더와일즈,54219,0.08851686049062224
2071,귀도,78637,0.13509183192725926
2072,아일랜드 1부,70974,0.12047540117457887
2073,죽은 마법사의 도시,56754,0.09335212761290396
2074,크리퍼스큘,72103,0.12262885939195799
2075,3인칭,110945,0.19671621464389732
2076,첩보의 별,62690,0.10467447303217979
2077,썸남,57167,0.09413988513617905
2078,2016 비명,87688,0.1523557383271692
2079,천년구미호,59153,0.09792798789943406
2080,상중하,49199,0.07894169640626161
2081,독신으로 살겠다,65113,0.10929611099560724
2082,이말년 서유기,121035,0.2159619129728214
2083,밥풀때기,52218,0.08470014667930638
2084,아이소포스 3부,100244,0.17630509295729513
2085,놓지마 정신줄,77158,0.1322707825884606
2086,중립디자인구역,44264,0.06952866159424574
2087,판다독,60820,0.10110762904059525
2088,아이돌 연구소,57496,0.09476742079031343
2089,놓정동화,91292,0.1592300194745867
2090,뱀피르,53644,0.0874201036482901
2091,모던패밀리 2,97223,0.17054282787784225
2092,해피,69170,0.11703444579446202
2093,소곤소곤,63687,0.10657615402662353
2094,적생,62571,0.10444749205089714
2095,우렁집사,64275,0.10769770711060839
2096,전설의 레전드,49032,0.07862316007118428
2097,후레자식,66687,0.11229836363879124
2098,레드돌,64419,0.10797237317199244
2099,2016 학교 다녀오겠습니다,43842,0.06872373744213414
2100,프린스의 왕자 - 카페 드 쇼콜라 -,53408,0.0869699564921329
2101,소울카르텔,76011,0.13008299111340849
2102,국립자유경제고등학교 세실고 2학기,47791,0.07625607269495091
2103,마야고,64493,0.10811352100909258
2104,스페이스 킹,54037,0.08816971310748407
2105,엄마와 딸 x2,54890,0.08979672804054376
2106,샌프란시스코 화랑관,64489,0.10810589139627635
2107,오성X한음,56182,0.09226109298018398
2108,동네변호사 조들호 시즌1,50578,0.0815720054246547
2109,삼국전투기,50538,0.08149570929649247
2110,손의 흔적,81269,0.1401121171603344
2111,후유증 2,67594,0.11402837834486994
2112,천적,101158,0.17804845948580222
2113,2호선 세입자,48175,0.07698851552530837
2114,화이트멜로우,62375,0.10407364102290217
2115,오빠 왔다,58148,0.09601104767935788
2116,하이브 1~2,58476,0.09663667593028821
2117,어빌리티,45674,0.07221810011196456
2118,철벽! 연애 시뮬레이션,50717,0.08183713447001847
2119,마녀사냥,77552,0.13302229945085858
2120,2015 사이,57479,0.09473499493584449
2121,아이덴티티,52834,0.08587510705300481
2122,오민혁 단편선,55627,0.09120248420193296
2123,프린세스 5부,80514,0.13867202774127219
2124,가우스전자 시즌1~2,61116,0.1016722203889958
2125,사또(토to),52217,0.08469823927610233
2126,천국의 신화,86168,0.14945648545700424
2127,2015 루키 단편선-지옥캠프,54909,0.08983296870142081
2128,스페이스 차이나드레스,88376,0.15366803173155968
2129,나는 너를 보았다,46418,0.07363720809578216
2130,늘 푸른 찻집,59090,0.09780782149757854
2131,미래소녀,59232,0.09807867275255448
2132,리얼주주,150911,0.2729474910971955
2133,고고고,69124,0.11694670524707547
2134,라크리모사,40371,0.062103140920856115
2135,데드데이즈(DEAD DAYS),71159,0.12082827076732923
2136,"아이소포스 1, 2부",63375,0.10598104422695809
2137,장미아파트 공경비,44535,0.07004556786254489
2138,공주는 잠 못 이루고,73229,0.12477659539972495
2139,안 돼요 마왕님!,44426,0.06983766091330279
2140,바람이 머무는 난,57667,0.09509358673820699
2141,시큼새큼,57128,0.09406549641122086
2142,크레이터,70035,0.11868434956597039
2143,심연의 하늘 시즌 1~3,79111,0.13599594104598173
2144,남과 여,47312,0.07534242656020813
2145,2015 소름,94515,0.16537758000125885
2146,두근거려요,51596,0.08351374188638361
2147,일등당첨,47083,0.07490563122647932
2148,Ho!,50493,0.08140987615230995
2149,신령,64387,0.10791133626946266
2150,저승에서 만난 사람들,55070,0.09014006061727381
2151,낚시신공,68246,0.11527200523391438
2152,블랙시저스,52179,0.08462575795434821
2153,우리 헤어졌어요,45327,0.07155623120015717
2154,모태솔로수용소,60545,0.10058309315947989
2155,언더클래스 히어로,70496,0.11956366244304016
2156,조석축구만화,94143,0.1646680260093501
2157,웃지 않는 코믹반 시즌1~2,49307,0.07914769595229965
2158,프린스의 왕자,49300,0.07913434412987126
2159,노네임드(NoNameD),80182,0.1380387698775256
2160,지새는 달,76005,0.13007154669418414
2161,버닝헬,54627,0.08929508099787706
2162,불만시대,97739,0.1715270479311351
2163,차차차,66891,0.11268747389241864
2164,재앙은 미묘하게,73451,0.12520003891102532
2165,빨간책,164444,0.298760378657684
2166,한국만화거장전 : 순정만화특집,48983,0.07852969731418553
2167,언더프린,53365,0.0868879381543585
2168,플로우,69253,0.11719276026039867
2169,딥(DEEP),80935,0.13947504449017972
2170,질풍기획 시즌2,55717,0.09137415049029798
2171,버퍼링,54875,0.08976811699248291
2172,일사부재리,68191,0.1151670980576913
2173,제페토,68386,0.1155390416824822
2174,헬퍼,62935,0.10514178681717348
2175,낢 부럽지 않은 신혼여행기,42265,0.06571576258933799
2176,문아,91620,0.15985564772551702
2177,올해의 벚꽃도 함께,40615,0.06256854730264576
2178,붉은 실,80815,0.13924615610569302
2179,영수의 봄,48706,0.07800134662666205
2180,여탕보고서,47943,0.0765459979819674
2181,MY OH,47587,0.0758669624413235
2182,알게뭐야,63306,0.10584943340587823
2183,격투기특성화사립고교 극지고,54273,0.08861986026364126
2184,스튜디오 짭쪼롬,65842,0.11068660793136399
2185,오늘 밤은 어둠이 무서워요,54126,0.08833947199264504
2186,송곳 1~3부,72703,0.12377330131439153
2187,파라다이스,67646,0.11412756331148084
2188,혈액형에 관한 간단한 고찰,50966,0.08231207786782839
2189,사이드킥,61788,0.10295399534212137
2190,퇴마전쟁,45934,0.07271402494501909
2191,2015 우주특집 단편,85950,0.14904067155852008
2192,모두에게 완자가,53372,0.0869012899767869
2193,빙의,83346,0.14407379361515849
2194,미선 임파서블,56183,0.09226300038338804
2195,뱀파이어,55981,0.09187770493616874
2196,싸귀2 : 퇴마록,42761,0.06666183457854973
2197,프린세스 1~4부,74194,0.1266172394916389
2198,미결,61916,0.10319814295224052
2199,리즌,61931,0.10322675400030136
2200,SM 플레이어,48736,0.07805856872278373
2201,출격! 반보트,78704,0.135219627941931
2202,아프니까 병원이다,65692,0.1104004974507556
2203,운빨로맨스,63111,0.10547748978108733
2204,미쳐 날뛰는 생활툰,50638,0.08168644961689805
2205,2014 루키 단편선-지옥캠프,56421,0.09271696234595334
2206,소년들은 무엇을 하고 있을까,80386,0.13842788013115304
2207,모디파이,61040,0.10152725774548756
2208,꽃가족,65446,0.10993127626255786
2209,버프소녀 오오라,60443,0.10038853803266617
2210,"2014 네이버 웹툰, 왓 이프?",61154,0.10174470171074992
2211,시타를 위하여,89690,0.15617435954168912
2212,시간의 섬,54259,0.08859315661878447
2213,킥,69502,0.1176677036582086
2214,역전! 야매요리,64415,0.10796474355917622
2215,레드카펫,64914,0.10891653775800011
2216,어른스러운 철구,50057,0.08057824835534158
2217,헬로 미스터 테디,45291,0.07148756468481116
2218,강시대소동,81608,0.14075872684650936
2219,섀도우,78895,0.13558394195390566
2220,은주의 방,47958,0.07657460903002825
2221,드래곤레시피,70113,0.11883312701588676
2222,투엔티스,50953,0.08228728162617567
2223,피리부는 남자,59173,0.09796613596351518
2224,기적! 우리에게 일어난 일들,65068,0.10921027785142473
2225,열무가 익어간다,45490,0.07186713792241828
2226,아이들은 즐겁다,48756,0.07809671678686485
2227,너와 너 사이,51272,0.0828957432482695
2228,와라! 편의점,50048,0.08056108172650507
2229,죄의 파편,62995,0.10525623100941683
2230,실질객관영화,102310,0.18024578797687463
2231,우리의 이상한 여행,54717,0.08946674728624208
2232,코끼리를 끌어안는 방법,51865,0.08402683334827465
2233,네가 없는 세상,51439,0.08321427958334683
2234,판타지스케치 - 더 게임,56486,0.09284094355421697
2235,새와 같이,65967,0.11092503333187097
2236,그녀는 흡!혈귀,42781,0.06669998264263084
2237,한국만화거장전,59135,0.09789365464176106
2238,모던패밀리,60164,0.09985637253873458
2239,닥터 프로스트 시즌 1~2,56052,0.09201313056365672
2240,빵점동맹,42516,0.06619452079355602
2241,국립자유경제 고등학교 세실고,44811,0.07057201114686432
2242,악플게임,59202,0.09802145065643281
2243,한줌물망초,60482,0.10046292675762436
2244,좀비를 위한 나라는 없다,53704,0.08753454784053345
2245,그날의 생존자들,84794,0.14683571345463142
2246,소나기야,55027,0.09005804227949941
2247,2013 루키 단편선-지옥캠프,59348,0.09829993152422496
2248,라이징패스트볼,43478,0.0680294426758578
2249,키드갱 시즌2,79820,0.1373482899176574
2250,터치! 메리크리스마스,65303,0.10965851760437786
2251,기사도,46282,0.07337780126003055
2252,ENT.,57235,0.09426958855405485
2253,내일은 웹툰,48115,0.07687407133306502
2254,고고루키루,59122,0.09786885840010832
2255,아랫집 시누이,94087,0.16456121142992292
2256,방과 후 전쟁활동,68811,0.11634968804420596
2257,미숙한 친구는 G구인,57809,0.09536443799318294
2258,"OH, MY GOD!",50460,0.08134693184657611
2259,맛집남녀,69185,0.11706305684252287
2260,네로의 실험실,86613,0.15030527988280912
2261,월남특급,373355,0.6972378894202066
2262,아이들의 권 선생님,65414,0.10987023936002807
2263,기태류,54500,0.08905284079096196
2264,수업시간그녀,48403,0.07742340345583312
2265,움비처럼,55159,0.09030981950243479
2266,아빠를 찾습니다,66209,0.1113866249072525
2267,위아더 능력자!,51535,0.08339739029093621
2268,2013 전설의고향,70683,0.11992034684219861
2269,바람의 색,56511,0.09288862863431838
2270,사랑의 아쿠아리움,48814,0.07820734617270009
2271,레인보우 로즈,61009,0.10146812824616182
2272,진진돌이 제로,59511,0.09861083824648607
2273,타임인조선,43884,0.0688038483767045
2274,레사 시즌1,59635,0.09884735624378901
2275,삵의 발톱,59558,0.0987004861970767
2276,카오스어택,82185,0.1418592984952496
2277,새벽9시,81692,0.14091894871565003
2278,나의 목소리를 들어라,60483,0.10046483416082841
2279,사랑일까?,51529,0.08338594587171187
2280,소년전[Limit],71815,0.1220795272691899
2281,우주전함 몰라몰라,45345,0.07159056445783017
2282,사랑을 연기하다,60847,0.10115912892710476
2283,기타맨,57218,0.09423716269958589
2284,인형의 기사,64253,0.10765574424011916
2285,아는사람 이야기,48209,0.07705336723424627
2286,패션왕,65614,0.11025172000083926
2287,오늘의 낭만부,71036,0.12059366017323035
2288,닭통령 계양반,61666,0.10272129215122655
2289,그린보이,47481,0.07566477770169358
2290,일상날개짓,53888,0.08788551003007974
2291,비흔,66846,0.11260164074823613
2292,무한동력,58919,0.09748165554968498
2293,달콤한 인생,51992,0.08426907355518976
2294,경운기를 탄 왕자님,55562,0.09107850299366932
2295,스펙트럼 분석기,62757,0.10480226904685154
2296,꽃밭에솔,56022,0.09195590846753504
2297,심심한 마왕,57313,0.0944183660039712
2298,고삼이 집나갔다,50286,0.08101504368907038
2299,길에서 만나다,106713,0.18864408428433277
2300,스마트폰 게임 개발 이야기,69077,0.11685705729648484
2301,스쿨홀릭,54138,0.08836236083109371
2302,이말년씨리즈,141867,0.2556969365197139
2303,후유증,76091,0.13023558336973295
2304,MLB카툰,52939,0.08607538438943069
2305,웨스트우드 비브라토,60029,0.09959887310618704
2306,한 살이라도 어릴 때,99622,0.17511868816437237
2307,삼봉이발소,81789,0.14110396682644344
2308,S라인,84378,0.14604223372174419
2309,2012 루키 단편선-지옥캠프,44419,0.0698243090908744
2310,오란씨100,45606,0.07208839669408876
2311,네이버 앱피소드,78964,0.13571555277498554
2312,진진돌이 에볼루션,52359,0.08496909053107826
2313,옆집화랑,58614,0.09689989757244794
2314,방울토마토,110713,0.19627369710055637
2315,아부쟁이,47807,0.0762865911462158
2316,크레이지 커피 캣,61013,0.10147575785897804
2317,악당의 사연,45851,0.07255571047908245
2318,2012 지구가 멸망한다면?,64415,0.10796474355917622
2319,비바 산티아고,45135,0.07119000978497843
2320,연 시즌2,60315,0.10014439042254702
2321,아스란영웅전,77322,0.13258359671392572
2322,봉봉오쇼콜라,48687,0.077965105965785
2323,리버스,58939,0.0975198036137661
2324,한섬세대,56920,0.09366875654477723
2325,초록인간,74574,0.12734205270918014
2326,wish-마녀의 시간,63148,0.10554806369963739
2327,투명살인,69161,0.11701727916562553
2328,실질객관동화,59404,0.09840674610365209
2329,플라스틱 걸,50441,0.08131069118569904
2330,자율공상축구탐구만화,84401,0.14608610399543748
2331,MODERN BOYS,71799,0.122049008817925
2332,질풍기획 시즌1,62592,0.10448754751818232
2333,슈퍼트리오 시즌2,48058,0.07676534935043383
2334,국가의 탄생,56262,0.09241368523650845
2335,별의 유언,45532,0.07194724885698862
2336,폭풍의 전학생 - 리부트,51995,0.08427479576480192
2337,키드갱,54493,0.08903948896853356
2338,멍순이,88358,0.1536336984738867
2339,고시생툰,61992,0.10334310559574877
2340,커피우유신화,42262,0.06571004037972582
2341,부토,56790,0.09342079412824997
2342,그런지,67676,0.1141847854076025
2343,블라인드 메르헨,68866,0.11645459522042904
2344,연애세포,53391,0.08693753063766396
2345,유토피아,68932,0.11658048383189672
2346,뜨거운 것이 좋아.,78812,0.13542562748796905
2347,나란의사 그런의사,45491,0.07186904532562233
2348,얼룩말,59208,0.09803289507565714
2349,봄이여 오라,60445,0.10039235283907429
2350,개판,86216,0.14954804081079892
2351,콘스탄쯔 이야기,49936,0.08034745256765082
2352,요리대마왕,39579,0.060592477583243834
2353,LOST,78301,0.1344509444506965
2354,지상 최악의 소년,49066,0.07868801178012218
2355,만화사랑 캠페인,65128,0.10932472204366808
2356,폭풍의 전학생,45545,0.07197204509864134
2357,야! 오이,60465,0.1004305009031554
2358,지원,54516,0.08908335924222685
2359,수사9단,60068,0.09967326183114521
2360,2011 루키 단편선-지옥캠프,55696,0.0913340950230128
2361,우연일까?,62231,0.10379897496151813
2362,세개의시간,68680,0.11609981822447464
2363,지금 우리 학교는,81882,0.14128135532442065
2364,남기한엘리트만들기,90801,0.15829348450139524
2365,레드초콜릿,61179,0.10179238679085133
2366,다욤이의 다이어트 다이어리,61724,0.10283192153706179
2367,단군할배요,61382,0.10217958964127467
2368,어서오세요.305호에,62550,0.10440743658361196
2369,단편 할머니/나는내일죽는다,45333,0.0715676756193815
2370,2011 미스테리 단편,78311,0.13447001848273704
2371,까치우는 날,51285,0.08292053948992223
2372,잉잉잉,59794,0.0991506333532339
2373,굿모닝 스페이스,45513,0.07191100819611156
2374,멜로홀릭,53927,0.08795989875503792
2375,불량 뱀파이어,72933,0.12421200405132439
2376,스토커,60510,0.10051633404733792
2377,"스마일 브러시, 오래된 사진.",50095,0.0806507296770957
2378,프로젝트 X,51673,0.08366061193309592
2379,테제,47035,0.07481407587268464
2380,은하연인전,42313,0.06580731794313267
2381,묵회,66397,0.11174521670961503
2382,뷰티플 게임,73599,0.12548233458522562
2383,바이올린처럼.,48111,0.0768664417202488
2384,견우와 직녀,50669,0.0817455791162238
2385,징글정글,45813,0.07248322915732833
2386,리턴,59767,0.09909913346672439
2387,흐드러지다,62157,0.103657827124418
2388,혜성같은 소년,47983,0.07662229411012964
2389,핑크레이디 클래식,60135,0.09980105784581696
2390,힘내요 일본!-[릴레이웹툰],58139,0.09599388105052138
2391,그린스마일,48901,0.07837329025145295
2392,보톡스,59714,0.09899804109690942
2393,오렌지 마말레이드,45416,0.07172599008531814
2394,열쇠줍는아이,65552,0.11013346100218778
2395,키스우드,71028,0.1205784009475979
2396,입시명문사립 정글고등학교,58269,0.09624184346704864
2397,미호이야기,59203,0.09802335805963686
2398,안나라수마나라,51407,0.08315324268081704
2399,열아홉스물하나,58451,0.09658899085018682
2400,차라리 만나지 않았더라면,47195,0.07511926038533359
2401,이별의 품격,67180,0.1132387134183908
2402,동경소녀,60834,0.10113433268545204
2403,심부름센터 K,48289,0.07720595949057074
2404,거상 김만덕,54112,0.08831276834778826
2405,증거,79052,0.13588340425694245
2406,의령수,45888,0.07262628439763252
2407,공부하기 좋은 날,69307,0.1172957600334177
2408,피터팬날다,61668,0.10272510695763466
2409,소설가J,80316,0.1382943619068691
2410,심장이뛰다,55875,0.09167552019653882
2411,싸우자귀신아,56943,0.09371262681847052
2412,패밀리맨,51622,0.08356333436968906
2413,낢에게와요,58845,0.09734050771258485
2414,구름의 노래,56948,0.0937221638344908
2415,스마일브러시,55692,0.09132646541019658
2416,연옥님이 보고계셔,50480,0.08138507991065723
2417,"17살, 그 여름날의 기적",43811,0.06866460794280842
2418,몽타주,61881,0.10313138384009857
2419,탐구생활4-그대와 함께 하이킹,86413,0.14992379924199795
2420,판타스틱 어른백서,53232,0.08663425352821907
2421,악연,55843,0.09161448329400902
2422,겨울동화,77471,0.13286779979133007
2423,색으로 말하다,60462,0.10042477869354324
2424,펫다이어리2.런,44302,0.06960114291599986
2425,고(故)길창덕화백 추모웹툰,83579,0.14451821856170355
2426,연,61505,0.10241420023537355
2427,두근두근두근거려,59759,0.09908387424109194
2428,새끼손가락,46625,0.07403204055902173
2429,우월한하루,59786,0.09913537412760146
2430,나는 어디에 있는 거니,49613,0.07973136133274075
2431,로봇빠찌,60824,0.10111525865341148
2432,번개기동대 2009,73236,0.12478994722215332
2433,카라멜마끼아또,56252,0.09239461120446789
2434,일편단심화,75436,0.1289862342710763
2435,번데기스,57805,0.09535680838036671
2436,플루타크 영웅전,54903,0.08982152428219647
2437,러브판타지페이퍼,71627,0.1217209354668274
2438,사노라면,65142,0.10935142568852486
2439,고향의꽃,57204,0.0942104590547291
2440,고(故)노무현 前대통령 추모웹툰,66505,0.11195121625565306
2441,N의등대-눈의등대,73922,0.1260984258201357
2442,슈퍼트리오,48058,0.07676534935043383
2443,탐구생활3,54508,0.0890681000165944
2444,창위의일루젼,73193,0.12470792888437894
2445,핑크레이디,55059,0.0901190791820292
2446,N의등대-도망자,62407,0.10413467792543196
2447,N의등대-busted,63372,0.10597532201734591
2448,내일은 럭키곰스타,181296,0.33090393745243407
2449,N의등대-thecalling,81593,0.14073011579844852
2450,3단합체김창남,75695,0.1294802517009268
2451,골방환상곡,43580,0.06822399780267151
2452,반지의제왕,87472,0.15194373923509313
2453,와탕카2,60445,0.10039235283907429
2454,향수,51804,0.08391048175282724
2455,개편 축하 릴레이 카툰,88057,0.15305957010946586
2456,에피소드메이비,46691,0.07415792917048941
2457,취업의소리,66181,0.11133321761753893
2458,태왕광개토,68068,0.11493248746359243
2459,제로,63328,0.10589139627636746
2460,트라우마,65696,0.11040812706357182
2461,식스센스,61309,0.10204034920737859
2462,탐구생활2,46610,0.07400342951096088
2463,구석구석캠페인,69831,0.118295239312343
2464,체스아일,59153,0.09792798789943406
2465,펫다이어리,60848,0.10116103633030882
2466,도자기,56736,0.09331779435523095
2467,AA,60190,0.09990596502204004
2468,사랑in,63246,0.10573498921363488
2469,까뱅,50572,0.08156056100543037
2470,와탕카,45971,0.07278459886356917
